XZ,YZ,MAG,PowerRx
89.4594,89.7297,139.251,-inf
89.4594,89.7297,139.251,-47.19930866195423
89.4594,89.7297,139.251,-47.26928383981149
90.0,87.0297,139.251,-47.2446172639593
90.0,87.0297,139.251,-47.375394735629975
90.0,87.0297,139.251,-47.330984447992115
90.0,87.0297,139.251,-47.304621048319994
90.0,87.0297,139.251,-47.281954371397234
90.0,87.0297,139.251,-47.34444699835423
90.0,87.0297,139.251,-47.28712415831953
90.0,87.0297,139.251,-47.27577097406967
90.0,87.0297,139.251,-47.25847268855336
90.0,88.6295,139.251,-47.29109755784572
90.0,88.6295,141.048,-47.28669801994599
90.0,88.6295,141.048,-47.272350590044795
90.0,88.6295,141.048,-47.18142119246383
90.0,88.6295,141.048,-47.24880979009406
90.0,88.6295,141.048,-47.25549497775739
90.0,88.6295,141.048,-47.29525920121546
90.0,88.6295,139.953,-47.24985573666587
90.0,88.6295,139.953,-47.2567680392611
90.0,87.3246,139.953,-47.28894153153446
90.0,87.3246,139.953,-47.30717368112216
90.0,87.3246,139.953,-47.30649169932075
90.0,87.3246,139.953,-47.33296427543949
90.0,87.3246,140.126,-47.3241010782747
90.0,87.3246,140.126,-47.2343274282597
90.0,87.3246,140.126,-47.201264599793916
90.0,87.3246,140.126,-47.23820574102086
90.0,87.3246,140.126,-47.24672022387055
89.731,88.3864,140.126,-47.319257296138744
89.731,88.3864,140.126,-47.27358933455751
89.731,88.3864,140.126,-47.321053797749634
89.731,88.3864,140.126,-47.308162585606716
89.731,88.3864,140.126,-47.314031050784564
89.731,88.3864,140.126,-47.221213411377725
89.731,88.3864,139.921,-47.19557026594741
89.731,88.3864,139.921,-47.34161215322898
89.4543,87.5459,139.921,-47.23394717792683
89.4543,87.5459,139.921,-47.35767571923138
89.4543,87.5459,139.921,-47.26458257053983
89.4543,87.5459,139.921,-47.22228606934442
89.4543,87.5459,139.748,-47.32159683698469
89.4543,87.5459,139.748,-47.25408638298906
89.4543,87.5459,139.748,-47.34733140906273
89.4543,87.5459,139.748,-47.215533705178025
89.731,88.1177,139.748,-47.28684658205066
89.731,88.1177,139.544,-47.22786430592015
89.731,88.1177,139.544,-47.27249233869102
89.731,88.1177,139.544,-47.25166806650785
89.731,88.1177,139.544,-47.26793551341216
89.731,88.1177,139.544,-47.28593995652154
89.731,88.1177,139.428,-47.272214115236565
89.731,88.1177,139.428,-47.28099913527984
89.7322,87.8591,139.428,-47.26922697104747
89.7322,87.8591,139.428,-47.319962329097585
89.7322,87.8591,139.428,-47.23862113456111
89.7322,87.8591,139.428,-47.3191947090198
89.7322,87.8591,139.139,-47.23805046880414
89.7322,87.8591,139.139,-47.23843787549622
89.7322,87.8591,139.139,-47.21788592553836
89.7322,87.8591,139.139,-47.24783090120521
90.0,88.1352,139.139,-47.20045392407066
90.0,88.1352,139.194,-47.28290717656317
90.0,88.1352,139.194,-47.35930190639802
90.0,88.1352,139.194,-47.27473168526362
90.0,88.1352,139.194,-47.24381337540447
90.0,88.1352,139.194,-47.25517427760497
90.0,88.1352,139.194,-47.238413824951884
90.0,88.1352,139.341,-47.239112390658576
90.0,88.1352,139.341,-47.21216067642905
89.4491,87.5224,139.341,-47.29662637157318
89.4491,87.5224,139.341,-47.27997205524521
89.4491,87.5224,139.341,-47.21122846078211
89.4491,87.5224,139.341,-47.3119114701601
89.4491,87.5224,139.574,-47.209355800617764
89.4491,87.5224,139.574,-47.3018452302003
89.4491,87.5224,139.574,-47.26461728643927
89.4491,87.5224,139.574,-47.193619477772344
90.0,88.6678,139.574,-47.22783222960764
90.0,88.6678,139.717,-47.22375160404895
90.0,88.6678,139.717,-47.19548173946578
90.0,88.6678,139.717,-47.32059394617693
90.0,88.6678,139.717,-47.30277375496335
90.0,88.6678,139.717,-47.25199873508323
90.0,88.6678,139.717,-47.346816233489555
90.0,88.6678,140.126,-47.346816233489555
90.0,88.6678,140.126,-47.30202402210742
89.7271,86.4576,140.126,-47.30202402210742
89.7271,86.4576,140.126,-47.23907369470821
89.7271,86.4576,140.126,-47.240084608825924
89.7271,86.4576,140.126,-47.17479126929251
89.7271,86.4576,140.126,-47.19515353422251
89.7271,86.4576,140.126,-47.17631559580766
89.7271,86.4576,140.126,-47.196542105082386
89.7271,86.4576,140.126,-47.16879294978547
90.269,89.1931,140.126,-47.134230464884055
90.269,89.1931,139.779,-47.07779860068268
90.269,89.1931,139.779,-47.205950719681695
90.269,89.1931,139.779,-47.159955260036924
90.269,89.1931,139.779,-47.12707586225367
90.269,89.1931,139.779,-47.21831551304514
90.269,89.1931,140.092,-47.22089419119051
90.269,89.1931,140.092,-47.218491939848064
89.7258,86.7139,140.092,-47.207991942214484
89.7258,86.7139,140.092,-47.11328041717675
89.7258,86.7139,140.092,-47.165287898440944
89.7258,86.7139,140.092,-47.19543825343398
89.7258,86.7139,140.228,-47.2182619098609
89.7258,86.7139,140.228,-47.17589503850001
89.7258,86.7139,140.228,-47.190292892879484
89.7258,86.7139,140.228,-47.217495404660994
90.0,88.6425,140.228,-47.2083904364068
90.0,88.6425,139.574,-47.20698016490178
90.0,88.6425,139.574,-47.19793863084867
90.0,88.6425,139.574,-47.116203849689185
90.0,88.6425,139.574,-47.18678853665199
90.0,88.6425,139.574,-47.275486212674224
90.0,88.6425,139.574,-47.15959943585241
90.0,88.6425,139.953,-47.2041887471027
90.0,88.6425,139.953,-47.18352345103309
89.7297,87.2993,139.953,-47.15300117895201
89.7297,87.2993,139.953,-47.23315126715575
89.7297,87.2993,139.953,-47.15798857943746
89.7297,87.2993,139.953,-47.140456208550674
89.7297,87.2993,140.842,-47.186829869506624
89.7297,87.2993,140.842,-47.10111999532288
89.7297,87.2993,140.842,-47.186281724506934
89.7297,87.2993,140.842,-47.15003904745078
89.7322,88.1265,140.842,-47.13151524484153
89.7322,88.1265,139.37,-47.14605360867928
89.7322,88.1265,139.37,-47.19180249798433
89.7322,88.1265,139.37,-47.19169904820553
89.7322,88.1265,139.37,-47.18721325047899
89.7322,88.1265,139.37,-47.19329141322853
89.7322,88.1265,139.341,-47.22684945320887
89.7322,88.1265,139.341,-47.24919606124506
90.0,87.5805,139.341,-47.20889438272178
90.0,87.5805,139.341,-47.236720165070174
90.0,87.5805,139.341,-47.194818107173624
90.0,87.5805,139.341,-47.25829541796919
90.0,87.5805,140.332,-47.20683301220842
90.0,87.5805,140.332,-47.15456300477554
90.0,87.5805,140.332,-47.16885880907646
90.0,87.5805,140.332,-47.16101263551356
90.0,87.5805,140.332,-47.17505507656978
90.0,88.6489,140.332,-47.14677382003017
90.0,88.6489,140.711,-47.122684285264604
90.0,88.6489,140.711,-47.22536619232322
90.0,88.6489,140.711,-47.21402908764737
90.0,88.6489,140.711,-47.12256312399349
90.0,88.6489,140.711,-47.19013725600652
90.0,88.6489,140.711,-47.16643707899514
90.0,88.6489,140.368,-47.20145562821979
90.0,88.6489,140.368,-47.18170294857409
90.0,88.6489,140.368,-47.2414287620629
89.7322,87.5917,140.368,-47.20910703912815
89.7322,87.5917,140.368,-47.209713647458685
89.7322,87.5917,140.368,-47.264950520590155
89.7322,87.5917,139.574,-47.22257986603137
89.7322,87.5917,139.574,-47.1600923602519
89.7322,87.5917,139.574,-47.0946630350332
89.7322,87.5917,139.574,-47.1025588826095
89.7322,87.5917,139.574,-47.12399589417815
90.0,87.8286,139.37,-47.218868757374466
90.0,87.8286,139.37,-47.07298543624517
90.0,87.8286,139.37,-47.16274587068811
90.0,87.8286,139.37,-47.16156068222794
90.0,87.8286,139.37,-47.18265775263181
90.0,87.8286,139.37,-47.28221103780541
90.0,87.8286,140.126,-47.11328346509938
90.0,87.8286,140.126,-47.21409329689338
90.0,87.8286,140.126,-47.15679904421849
89.731,87.5805,140.126,-47.12038076365705
89.731,87.5805,140.126,-47.15576167422994
89.731,87.5805,140.126,-47.18701638890597
89.731,87.5805,140.332,-47.17141625958067
89.731,87.5805,140.332,-47.13939309343678
89.731,87.5805,140.332,-47.08002570061787
89.731,87.5805,140.332,-47.10034451120307
89.731,87.5805,140.332,-47.13811769872338
90.0,88.6678,140.332,-47.24156872020021
90.0,88.6678,139.604,-47.174485746906186
90.0,88.6678,139.604,-47.227790243898056
90.0,88.6678,139.604,-47.101116449358614
90.0,88.6678,139.604,-47.17604655813088
90.0,88.6678,139.604,-47.17604655813088
90.0,88.6678,139.604,-47.200482429920996
90.0,88.6678,139.921,-47.16333319053451
90.0,88.6678,139.921,-47.18014629395962
90.2652,87.8789,139.921,-47.18014629395962
90.2652,87.8789,139.921,-47.18416005852469
90.2652,87.8789,139.921,-47.237690540924156
90.2652,87.8789,139.921,-47.19063055616899
90.2652,87.8789,139.921,-47.2627948138779
90.2652,87.8789,139.921,-47.15308422974402
90.2652,87.8789,139.921,-47.19673680971465
90.2652,87.8789,139.921,-47.28458539303287
89.7258,87.8079,140.126,-47.29613942838536
89.7258,87.8079,140.297,-47.33511981955566
89.7258,87.8079,140.297,-47.2747417025886
89.7258,87.8079,140.297,-47.326149258791446
89.7258,87.8079,140.297,-47.22386389701234
89.7258,87.8079,140.297,-47.29475519718935
89.7258,87.8079,139.844,-47.30175079708935
89.7258,87.8079,139.844,-47.23246227454443
90.269,88.1177,139.844,-47.250124405549144
90.269,88.1177,139.844,-47.26215419832666
90.269,88.1177,139.844,-47.232310862247374
90.269,88.1177,139.888,-47.196268704801525
90.269,88.1177,139.888,-47.21361837889506
90.269,88.1177,139.888,-47.294716002270185
90.269,88.1177,139.888,-47.303189798456
90.269,88.1177,139.888,-47.26171631035062
90.2728,87.8183,139.888,-47.31196650766563
90.2728,87.8183,139.686,-47.24163150662454
90.2728,87.8183,139.686,-47.23441857837556
90.2728,87.8183,139.686,-47.16976756344267
90.2728,87.8183,139.686,-47.12989998157903
90.2728,87.8183,139.686,-47.13676606655348
90.2728,87.8183,139.748,-47.20351963386452
90.2728,87.8183,139.748,-47.32819306813248
89.7322,87.3246,139.748,-47.2669988809522
89.7322,87.3246,139.748,-47.3029027029572
89.7322,87.3246,139.748,-47.3273666236453
89.7322,87.3246,139.37,-47.20763864993047
89.7322,87.3246,139.37,-47.153953795126
89.7322,87.3246,139.37,-47.254355576109276
89.7322,87.3246,139.37,-47.21266064261307
89.7322,87.3246,139.37,-47.26809870129122
90.0,87.5691,139.37,-47.18928316223141
90.0,87.5691,139.37,-47.25386154343464
90.0,87.5691,139.37,-47.20974559022844
90.0,87.5691,139.37,-47.243922000297864
90.0,87.5691,139.37,-47.269886799824626
90.0,87.5691,139.37,-47.26771100849629
90.0,87.5691,139.37,-47.27670000610352
90.0,87.5691,139.37,-47.1999799769403
90.0,87.5691,139.37,-47.227169893669895
90.0,87.5691,139.37,-47.21886927786328
90.5232,87.6467,139.37,-47.24658717120492
90.5232,87.6467,139.37,-47.21449677104577
90.5232,87.6467,139.37,-47.25541834348906
90.5232,87.6467,139.921,-47.22286482613121
90.5232,87.6467,139.921,-47.266792054258
90.5232,87.6467,139.921,-47.30169456261672
90.5232,87.6467,139.921,-47.235406726619885
90.5232,87.6467,139.921,-47.335059676430575
90.2728,88.3634,140.02,-47.31653173050123
90.2728,88.3634,140.02,-47.29500308676306
90.2728,88.3634,140.02,-47.26717834924595
90.2728,88.3634,140.02,-47.40082763579852
90.2728,88.3634,140.02,-47.309311410616594
90.2728,88.3634,140.02,-47.301327995360715
90.2728,88.3634,140.194,-47.30298813974499
90.2728,88.3634,140.194,-47.327547003019134
90.269,88.3864,140.194,-47.307597317976835
90.269,88.3864,140.194,-47.440313219355104
90.269,88.3864,140.194,-47.25806432051737
90.269,88.3864,139.921,-47.29762268227298
90.269,88.3864,139.921,-47.291241507408685
90.269,88.3864,139.921,-47.38962380837919
90.269,88.3864,139.921,-47.37273321382078
90.269,88.3864,139.921,-47.27107716751245
89.2006,88.1352,139.921,-47.28658594086728
89.2006,88.1352,139.544,-47.28658594086728
89.2006,88.1352,139.544,-47.28898384813281
89.2006,88.1352,139.544,-47.28316416341546
89.2006,88.1352,139.544,-47.21005438244924
89.2006,88.1352,139.544,-47.220238639616255
89.2006,88.1352,140.059,-47.36661369623953
89.2006,88.1352,140.059,-47.3493980863871
90.2728,88.3634,140.059,-47.316712192759496
90.2728,88.3634,140.059,-47.34063514161563
90.2728,88.3634,140.059,-47.390942492998406
90.2728,88.3634,139.574,-47.41310754087969
90.2728,88.3634,139.574,-47.441637251916625
90.2728,88.3634,139.574,-47.36127989753028
90.2728,88.3634,139.574,-47.38522828833824
90.2728,88.3634,139.574,-47.35402137204169
89.7258,87.8079,139.655,-47.37721461467231
89.7258,87.8079,139.655,-47.303350070741416
89.7258,87.8079,139.655,-47.35491224865794
89.7258,87.8079,139.655,-47.389696892713744
89.7258,87.8079,139.655,-47.337361212552665
89.7258,87.8079,139.655,-47.3306639995489
89.7258,87.8079,140.467,-47.287137905414866
89.7258,87.8079,140.467,-47.27925316455162
90.0,87.3246,140.467,-47.31773122657735
90.0,87.3246,140.467,-47.26637237896082
90.0,87.3246,140.467,-47.38489164513874
90.0,87.3246,140.467,-47.35446061205508
90.0,87.3246,140.467,-47.31575939417589
90.0,87.3246,140.467,-47.311055155157064
90.0,87.3246,140.467,-47.31138718647793
90.0,87.3246,140.467,-47.319920775057795
90.0,87.3246,140.467,-47.28662717717312
89.7258,87.2607,140.126,-47.28897432686224
89.7258,87.2607,140.126,-47.2394580549163
89.7258,87.2607,140.126,-47.31739311936433
89.7258,87.2607,140.126,-47.318752363652095
89.7258,87.2607,140.126,-47.39723334333234
89.7258,87.2607,140.126,-47.25968961663181
89.7258,87.2607,139.888,-47.36256821357378
89.7258,87.2607,139.888,-47.32815730654288
90.2702,88.1088,139.888,-47.317018303707854
90.2702,88.1088,139.888,-47.346693479543646
90.2702,88.1088,139.888,-47.35036580528085
90.2702,88.1088,139.018,-47.331481723973056
90.2702,88.1088,139.018,-47.38942865216466
90.2702,88.1088,139.018,-47.32293234149079
90.2702,88.1088,139.018,-47.312903847634374
90.2702,88.1088,139.018,-47.3803283111003
90.0,87.603,139.574,-47.352560601064
90.0,87.603,139.574,-47.30035151782488
90.0,87.603,139.574,-47.33416831931646
90.0,87.603,139.574,-47.34685616947325
90.0,87.603,139.574,-47.32438237918022
90.0,87.603,139.574,-47.3504307209727
90.0,87.603,139.779,-47.47249686728129
90.0,87.603,139.779,-47.453622288987695
90.0,87.603,139.779,-47.46981957773198
89.4543,88.3634,139.779,-47.42255645160248
89.4543,88.3634,139.779,-47.39378643172582
89.4543,88.3634,139.779,-47.404064229602994
89.4543,88.3634,139.779,-47.36836983112969
89.4543,88.3634,139.779,-47.36849104436839
89.4543,88.3634,139.779,-47.33542081499823
89.4543,88.3634,139.779,-47.37359179982897
89.4543,88.3634,139.779,-47.47741803860091
90.0,88.0817,139.166,-47.35675203876979
90.0,88.0817,139.166,-47.37161115973603
90.0,88.0817,139.166,-47.31000818658649
90.0,88.0817,139.166,-47.35813736441748
90.0,88.0817,139.166,-47.31817000651954
90.0,88.0817,139.166,-47.326130586116804
90.0,88.0817,139.399,-47.40501106752695
90.0,88.0817,139.399,-47.34277575296417
90.0,88.0817,139.399,-47.335445408798186
90.0,87.8286,139.399,-47.382323740652616
90.0,87.8286,139.399,-47.385874067367155
90.0,87.8286,139.399,-47.30358252913586
90.0,87.8286,139.574,-47.29419114223543
90.0,87.8286,139.574,-47.29042100589044
90.0,87.8286,139.574,-47.25257490852574
90.0,87.8286,139.574,-47.2309760518975
90.0,87.8286,139.574,-47.30918067792434
90.0,87.8286,139.574,-47.30617570823625
90.2664,88.1352,139.986,-47.3468167695406
90.2664,88.1352,139.986,-47.3161474081455
90.2664,88.1352,139.986,-47.358021814161404
90.2664,88.1352,139.986,-47.349727698125506
90.2664,88.1352,139.986,-47.36214267736375
90.2664,88.1352,139.986,-47.36965216923848
90.2664,88.1352,139.748,-47.354347844487954
90.2664,88.1352,139.748,-47.278677926580826
89.7335,87.869,139.748,-47.337938659557935
89.7335,87.869,139.748,-47.36286466103535
89.7335,87.869,139.748,-47.29374153963179
89.7335,87.869,140.265,-47.38624486580777
89.7335,87.869,140.265,-47.417946851505036
89.7335,87.869,140.265,-47.32635679763743
89.7335,87.869,140.265,-47.376657560028335
89.7335,87.869,140.265,-47.358399916776925
90.0,87.869,140.265,-47.36465857293822
90.0,87.869,140.919,-47.36560735598218
90.0,87.869,140.919,-47.32123471446638
90.0,87.869,140.919,-47.33956282326705
90.0,87.869,140.919,-47.40272064991092
90.0,87.869,140.919,-47.320234304777706
90.0,87.869,140.919,-47.32070291007933
90.0,87.869,139.635,-47.33179528815302
90.0,87.869,139.635,-47.3674815760114
90.0,87.869,139.635,-47.395419694234306
90.0,88.1177,139.635,-47.342505575121045
90.0,88.1177,139.635,-47.38802654616373
90.0,88.1177,139.635,-47.42796991104474
90.0,88.1177,140.16,-47.387326880294076
90.0,88.1177,140.16,-47.37508906859958
90.0,88.1177,140.16,-47.428737882721364
90.0,88.1177,140.16,-47.450086432598944
90.0,88.1177,140.16,-47.45840082988268
90.0,88.1177,140.16,-47.40183239944399
90.0,87.869,140.092,-47.47488098040666
90.0,87.869,140.092,-47.38486893280231
90.0,87.869,140.092,-47.39104890402131
90.0,87.869,140.092,-47.4216025089879
90.0,87.869,140.092,-47.3913676111563
90.0,87.869,140.092,-47.40490621529815
90.0,87.869,140.092,-47.41065128287211
90.0,87.869,139.458,-47.319566250026234
90.0,87.869,139.458,-47.405539713432
89.4594,87.0297,139.458,-47.393588650022885
89.4594,87.0297,139.458,-47.384525017653196
89.4594,87.0297,139.458,-47.43103933360934
89.4594,87.0297,139.458,-47.46772512280945
89.4594,87.0297,140.919,-47.5116735883504
89.4594,87.0297,140.919,-47.41542686159775
89.4594,87.0297,140.919,-47.41542686159775
89.4594,87.0297,140.919,-47.39321018055878
90.0,88.1088,140.919,-47.380393676205294
90.0,88.1088,140.16,-47.337666375303755
90.0,88.1088,140.16,-47.383425591156566
90.0,88.1088,140.16,-47.439056665669945
90.0,88.1088,140.16,-47.43473994766791
90.0,88.1088,140.16,-47.38093392135066
90.0,88.1088,140.16,-47.40660344836368
90.0,88.1088,139.341,-47.43874867519384
90.0,88.1088,139.341,-47.408922831804645
90.0,88.1088,139.341,-47.40263268546434
90.269,88.3864,139.341,-47.43388778337497
90.269,88.3864,139.341,-47.36844740721273
90.269,88.3864,139.341,-47.37421804905945
90.269,88.3864,140.16,-47.3848829928061
90.269,88.3864,140.16,-47.37683568019601
90.269,88.3864,140.16,-47.38560227680204
90.269,88.3864,140.16,-47.378594604236
90.269,88.3864,140.16,-47.33180063015801
89.7271,88.3634,140.16,-47.405363943752334
89.7271,88.3634,139.399,-47.44992394630869
89.7271,88.3634,139.399,-47.481314872001875
89.7271,88.3634,139.399,-47.424003582731594
89.7271,88.3634,139.399,-47.44990830183468
89.7271,88.3634,139.399,-47.428409593715244
89.7271,88.3634,139.485,-47.40128900569158
89.7271,88.3634,139.485,-47.53433300533776
90.5457,88.0908,139.485,-47.40436080723131
90.5457,88.0908,139.485,-47.4341650739418
90.5457,88.0908,139.485,-47.40977038303777
90.5457,88.0908,139.399,-47.436876563060366
90.5457,88.0908,139.399,-47.431485066496634
90.5457,88.0908,139.399,-47.40335220007202
90.5457,88.0908,139.399,-47.38723489857886
90.5457,88.0908,139.399,-47.36918013857163
89.7322,86.7905,138.991,-47.44784015946519
89.7322,86.7905,138.991,-47.44714505453551
89.7322,86.7905,138.991,-47.3705707823624
89.7322,86.7905,138.991,-47.40804472893309
89.7322,86.7905,138.991,-47.38491597991673
89.7322,86.7905,138.991,-47.44923427065253
89.7322,86.7905,138.66,-47.36009654351968
89.7322,86.7905,138.66,-47.37992533804957
90.5354,88.6615,138.66,-47.37992533804957
90.5354,88.6615,138.66,-47.37992533804957
90.5354,88.6615,138.66,-47.37992533804957
90.5354,88.6615,139.667,-47.3311988946144
90.5354,88.6615,139.667,-47.38970826149854
90.5354,88.6615,139.667,-47.38346370283496
90.5354,88.6615,139.667,-47.372819765835
90.5354,88.6615,139.667,-47.37668157883694
89.7297,87.0297,138.991,-47.31955479703296
89.7297,87.0297,138.991,-47.34224478509809
89.7297,87.0297,138.991,-47.33122159506343
89.7297,87.0297,138.991,-47.417370110003844
89.7297,87.0297,138.991,-47.40702521055737
89.7297,87.0297,138.991,-47.45047977340035
89.7297,87.0297,139.921,-47.44095765561471
89.7297,87.0297,139.921,-47.36479287034153
89.1968,88.1265,139.921,-47.35665049426541
89.1968,88.1265,139.921,-47.43832026254353
89.1968,88.1265,139.921,-47.44163341673384
89.1968,88.1265,139.544,-47.35953737910049
89.1968,88.1265,139.544,-47.39613909907449
89.1968,88.1265,139.544,-47.39098067069908
89.1968,88.1265,139.544,-47.39349111715673
89.1968,88.1265,139.544,-47.432753920287894
90.0,88.1265,139.748,-47.35339856505034
90.0,88.1265,139.748,-47.39375418998443
90.0,88.1265,139.748,-47.40600511635009
90.0,88.1265,139.748,-47.432834295334715
90.0,88.1265,139.748,-47.33252052543541
90.0,88.1265,139.748,-47.34854587842361
90.0,88.1265,139.341,-47.34940452282924
90.0,88.1265,139.341,-47.318396868874615
90.0,88.1265,139.341,-47.33329237503651
89.4645,87.8591,139.341,-47.41611554631732
89.4645,87.8591,139.341,-47.40871973774163
89.4645,87.8591,139.341,-47.40064201609185
89.4645,87.8591,139.748,-47.42121531934345
89.4645,87.8591,139.748,-47.42668661994965
89.4645,87.8591,139.748,-47.44685760877117
89.4645,87.8591,139.748,-47.500076384453756
89.4645,87.8591,139.748,-47.49098500177535
90.0,88.394,139.399,-47.48483862676955
90.0,88.394,139.399,-47.42694461291711
90.0,88.394,139.399,-47.34619928260323
90.0,88.394,139.399,-47.30999915063726
90.0,88.394,139.399,-47.34901406260276
90.0,88.394,139.399,-47.359691679781584
90.0,88.394,139.748,-47.33550261665425
90.0,88.394,139.748,-47.35505725491172
90.0,88.394,139.748,-47.378122950498486
89.4594,87.2993,139.748,-47.36862734596217
89.4594,87.2993,139.748,-47.32227240008925
89.4594,87.2993,139.748,-47.36988523982851
89.4594,87.2993,139.811,-47.30389939315063
89.4594,87.2993,139.811,-47.30530963878296
89.4594,87.2993,139.811,-47.36668962543045
89.4594,87.2993,139.811,-47.44496856514499
89.4594,87.2993,139.811,-47.410833522802434
90.0,88.1177,139.112,-47.361184969942194
90.0,88.1177,139.112,-47.30106330105181
90.0,88.1177,139.112,-47.43689024516296
90.0,88.1177,139.112,-47.37541146295506
90.0,88.1177,139.112,-47.36057807403502
90.0,88.1177,139.112,-47.428164895257694
90.0,88.1177,140.297,-47.35557663184962
90.0,88.1177,140.297,-47.41716961696501
90.0,88.1177,140.297,-47.38024674115082
90.0,87.8079,140.297,-47.42260472699605
90.0,87.8079,140.297,-47.426697539976274
90.0,87.8079,140.297,-47.35301069807109
90.0,87.8079,139.888,-47.43434064576207
90.0,87.8079,139.888,-47.427744898127685
90.0,87.8079,139.888,-47.412206007917284
90.0,87.8079,139.888,-47.400756534914976
90.0,87.8079,139.888,-47.4323023167325
90.0,87.8079,139.888,-47.358958397203054
90.0,87.5691,139.888,-47.40488068171898
90.0,87.5691,138.789,-47.416088040405214
90.0,87.5691,138.789,-47.409512592493286
90.0,87.5691,138.789,-47.39265350839112
90.0,87.5691,138.789,-47.4179038043834
90.0,87.5691,138.789,-47.402441016019985
90.0,87.5691,138.789,-47.365252042735705
90.0,87.5691,139.717,-47.43561306986759
90.0,87.5691,139.717,-47.383027195476615
89.7322,87.8591,139.717,-47.40592713818578
89.7322,87.8591,139.717,-47.37233957221687
89.7322,87.8591,139.717,-47.34752655916151
89.7322,87.8591,139.953,-47.44197859674897
89.7322,87.8591,139.953,-47.43534006355092
89.7322,87.8591,139.953,-47.39101749489855
89.7322,87.8591,139.953,-47.40901092374899
89.7322,87.8591,139.953,-47.45139834780426
90.0,88.1088,139.953,-47.50214733545083
90.0,88.1088,139.953,-47.47064931410656
90.0,88.1088,139.953,-47.37279199350542
90.0,88.1088,139.953,-47.39392650996952
90.0,88.1088,139.953,-47.430010305367134
90.0,88.1088,139.953,-47.44568772527518
90.0,88.1088,139.921,-47.512214265624706
90.0,88.1088,139.921,-47.53177927087872
90.0,88.1088,139.921,-47.46887284060499
90.0,88.1088,139.921,-47.4523605061185
90.0,88.1088,139.921,-47.437568110492265
90.0,88.1088,139.921,-47.45120616135494
90.0,88.1088,139.921,-47.467606619756125
90.0,88.1088,139.341,-47.52439230811197
90.0,88.1088,139.341,-47.42906728914508
90.0,88.1088,139.341,-47.48522018577176
90.0,88.1088,139.341,-47.42254908760657
90.0,88.1088,139.341,-47.46577271500964
90.0,87.8591,139.341,-47.438486147667774
90.0,87.8591,139.779,-47.48760465112221
90.0,87.8591,139.779,-47.483611169408135
90.0,87.8591,139.779,-47.43934195277862
90.0,87.8591,139.779,-47.393843058556875
90.0,87.8591,139.779,-47.39636736017783
90.0,87.8591,139.779,-47.43907199732212
90.0,87.8591,139.194,-47.40759514374319
90.0,87.8591,139.194,-47.4140334873012
89.7284,87.8286,139.194,-47.45746895081869
89.7284,87.8286,139.194,-47.37729504803856
89.7284,87.8286,139.194,-47.436405651362776
89.7284,87.8286,139.811,-47.361052935302354
89.7284,87.8286,139.811,-47.458076890556775
89.7284,87.8286,139.811,-47.41393059461588
89.7284,87.8286,139.811,-47.460697697128104
89.7284,87.8286,139.811,-47.431609147432745
90.5305,87.8789,139.811,-47.44266465498828
90.5305,87.8789,139.811,-47.47203311216923
90.5305,87.8789,139.811,-47.43437291674422
90.5305,87.8789,139.811,-47.47544801739154
90.5305,87.8789,139.811,-47.453511312099515
90.5305,87.8789,139.811,-47.504065310706494
90.5305,87.8789,139.458,-47.44199859611446
90.5305,87.8789,139.458,-47.38461288646504
90.0,86.9872,139.458,-47.48210864965039
90.0,86.9872,139.458,-47.449221647287956
90.0,86.9872,139.458,-47.52963879375041
90.0,86.9872,139.37,-47.47414896619237
90.0,86.9872,139.37,-47.46938064540026
90.0,86.9872,139.37,-47.474779948481256
90.0,86.9872,139.37,-47.42602327982826
90.0,86.9872,139.37,-47.39995659451139
90.0,86.9872,139.37,-47.50097329576963
89.441,88.3235,139.37,-47.46425955531679
89.441,88.3235,139.485,-47.53317009778676
89.441,88.3235,139.485,-47.51350581568646
89.441,88.3235,139.485,-47.52472346590176
89.441,88.3235,139.485,-47.55025099604913
89.441,88.3235,139.485,-47.50744487480166
89.441,88.3235,139.544,-47.55850938897092
89.441,88.3235,139.544,-47.61604225344698
89.441,88.3235,139.544,-47.59305148471824
90.5906,87.6386,139.544,-47.58469295187925
90.5906,87.6386,139.544,-47.632583150634964
90.5906,87.6386,139.544,-47.65018479883225
90.5906,87.6386,139.986,-47.60146279866592
90.5906,87.6386,139.986,-47.605973862913935
90.5906,87.6386,139.986,-47.6269721747165
90.5906,87.6386,139.986,-47.53305595040267
90.528,86.3086,139.986,-47.5238891976372
89.4719,86.3086,139.604,-47.60277150295619
89.4719,86.3086,139.604,-47.517936706442505
89.4719,86.3086,139.604,-47.4548363525644
89.4719,86.3086,139.604,-47.11960132424397
89.4719,86.3086,139.604,-46.70138940776181
89.4719,86.3086,141.298,-46.351112064382896
89.4719,86.3086,141.298,-46.089956717487965
92.1409,85.9905,141.298,-45.837496014786964
92.1409,85.9905,141.298,-45.77426994076143
92.1409,85.9905,141.298,-45.77426994076143
92.1409,85.9905,139.857,-45.77426994076143
92.1409,85.9905,139.857,-45.77426994076143
92.1409,85.9905,139.857,-46.01906536870431
92.1409,85.9905,139.857,-46.75771186822307
92.1409,85.9905,139.857,-46.75771186822307
90.0,88.1352,139.857,-47.29393058947258
90.0,88.1352,139.953,-47.48722897289446
90.0,88.1352,139.953,-47.586550587416895
90.0,88.1352,139.953,-47.755277385058534
90.0,88.1352,139.953,-47.88451803210073
90.0,88.1352,139.953,-48.03227660200637
90.0,88.1352,139.953,-48.157587900519275
90.0,88.1352,139.574,-48.08456175578974
90.0,88.1352,139.574,-47.971877557471885
90.0,88.4162,139.574,-48.04413118923253
90.0,88.4162,139.574,-48.10566337317425
90.0,88.4162,139.574,-47.92754552210074
90.0,88.4162,139.574,-48.041249421368796
90.0,88.4162,139.488,-47.947658161687094
90.0,88.4162,139.488,-47.82645568094482
90.0,88.4162,139.488,-47.70240070637415
90.0,88.4162,139.488,-47.539062833262015
90.0,88.4162,139.488,-47.37627300730587
89.1931,86.2394,139.488,-46.943931829417956
89.1931,86.2394,139.779,-46.58592202836061
89.1931,86.2394,139.779,-46.32159444728714
89.1931,86.2394,139.779,-46.05082202122589
89.1931,86.2394,139.779,-45.75094594899131
89.1931,86.2394,139.779,-45.46492276835896
89.1931,86.2394,141.175,-45.27645945019582
89.1931,86.2394,141.175,-44.948759076401544
90.269,87.312,141.175,-44.5632779568681
90.269,87.312,141.175,-44.47584064644946
90.269,87.312,141.175,-44.3176417190964
90.269,87.312,141.175,-44.17735406877228
90.269,87.312,141.216,-44.149505371038074
90.269,87.312,141.216,-44.00060390541522
90.269,87.312,141.216,-43.96981936421584
90.269,87.312,141.216,-43.84263373266496
90.269,87.312,141.216,-43.774412973813746
89.2115,88.1608,141.71,-43.605009815410725
89.2115,88.1608,141.71,-43.38498328371251
89.2115,88.1608,141.71,-43.23646149508726
89.2115,88.1608,141.71,-42.96507476193996
89.2115,88.1608,141.71,-42.87625499600849
89.2115,88.1608,141.71,-42.74666375363927
89.2115,88.1608,143.236,-42.6485493920931
89.2115,88.1608,143.236,-42.688349859724404
90.0,87.849,143.236,-42.55804994631821
90.0,87.849,143.236,-42.49426115262026
90.0,87.849,143.236,-42.50636085464496
90.0,87.849,143.236,-42.37414382777455
90.0,87.849,142.24,-42.3347806495498
90.0,87.849,142.24,-42.239341376305774
90.0,87.849,142.24,-42.17781583251583
90.0,87.849,142.24,-42.28777165714834
90.0,87.849,142.24,-42.240992089814554
90.0,87.849,142.24,-42.23771311067799
89.7297,88.1088,142.558,-42.25171681534319
89.7297,88.1088,142.558,-42.21651778399712
89.7297,88.1088,142.558,-42.12308410978646
89.7297,88.1088,142.558,-41.989109348502524
89.7297,88.1088,142.558,-41.86316587198657
89.7297,88.1088,142.558,-41.72507377477046
89.7297,88.1088,141.828,-41.56969270993478
89.7297,88.1088,141.828,-41.410341862581106
90.0,87.0297,141.828,-41.24469754516798
90.0,87.0297,141.828,-41.14729117342131
90.0,87.0297,141.828,-41.08350579813205
90.0,87.0297,143.339,-40.98723137335158
90.0,87.0297,143.339,-40.95277881681894
90.0,87.0297,143.339,-40.880331897014955
90.0,87.0297,143.339,-40.83717626661049
90.0,87.0297,143.339,-40.70441634870778
90.0,87.0297,143.339,-40.60058005001775
90.0,87.849,144.432,-40.48162051082176
90.0,87.849,144.432,-40.41408251056701
90.0,87.849,144.432,-40.259131863367784
90.0,87.849,144.432,-40.26460095813648
90.0,87.849,144.432,-40.14539274801541
90.0,87.849,144.432,-40.107018296497316
90.0,87.849,144.432,-40.01009510077212
90.0,87.849,144.522,-39.9916233767556
90.0,87.849,144.522,-39.917313037413976
89.7297,88.1088,144.522,-39.937087616101465
89.7297,88.1088,144.522,-39.81410157391621
89.7297,88.1088,144.522,-39.766167710434644
89.7297,88.1088,145.321,-39.720726779516006
89.7297,88.1088,145.321,-39.6379848733836
89.7297,88.1088,145.321,-39.5670419548283
89.7297,88.1088,145.321,-39.548346562310726
89.7297,88.1088,145.321,-39.467056735831605
90.5379,86.5074,145.321,-39.429065845447745
90.5379,86.5074,146.101,-39.39138964545209
90.5379,86.5074,146.101,-39.38445766781551
90.5379,86.5074,146.101,-39.30784677119397
90.5379,86.5074,146.101,-39.364875004613
90.5379,86.5074,146.101,-39.323564565161334
90.5379,86.5074,147.45,-39.34674274016419
90.5379,86.5074,147.45,-39.34840175593523
90.0,88.9241,147.45,-39.36707354884206
90.0,88.9241,147.45,-39.37660695463347
90.0,88.9241,147.45,-39.39350478685361
90.0,88.9241,147.45,-39.454639248356706
90.0,88.9241,148.775,-39.54877232892967
90.0,88.9241,148.775,-39.53983714151135
90.0,88.9241,148.775,-39.54370037480322
90.0,88.9241,148.775,-39.543717087757145
90.0,88.9241,148.775,-39.64523199256718
90.2664,87.869,148.775,-39.58927801277845
90.2664,87.869,148.18,-39.55029311219882
90.2664,87.869,148.18,-39.60055669153683
90.2664,87.869,148.18,-39.514493938675976
90.2664,87.869,148.18,-39.63165182564424
90.2664,87.869,148.18,-39.571565744124
90.2664,87.869,148.18,-39.59750979180178
90.2664,87.869,147.757,-39.66729423936889
90.2664,87.869,147.757,-39.69777089192989
89.7297,87.8389,147.757,-39.663275307544836
89.7297,87.8389,147.757,-39.67343476788678
89.7297,87.8389,147.757,-39.573013622149944
89.7297,87.8389,149.253,-39.6738312056746
89.7297,87.8389,149.253,-39.65632647221957
89.7297,87.8389,149.253,-39.71179147264698
89.7297,87.8389,149.253,-39.71294412243323
89.7297,87.8389,149.253,-39.74386348568007
90.5405,86.4909,149.211,-39.824591285563535
90.5405,86.4909,149.211,-39.83001790611922
90.5405,86.4909,149.211,-39.79122368088878
90.5405,86.4909,149.211,-39.755576048105425
90.5405,86.4909,149.211,-39.808675894161325
90.5405,86.4909,149.333,-39.76714881959645
90.5405,86.4909,149.333,-39.814631797802235
90.5405,86.4909,149.333,-39.7035307790081
90.8107,87.5691,149.333,-39.73332304242319
90.8107,87.5691,149.333,-39.766360470969566
90.8107,87.5691,149.333,-39.76260075204382
90.8107,87.5691,148.95,-39.69688378963929
90.8107,87.5691,148.95,-39.67947905988161
90.8107,87.5691,148.95,-39.63527186195196
90.8107,87.5691,148.95,-39.701728956380954
90.8107,87.5691,148.95,-39.65762474487261
89.1854,88.6425,148.261,-39.6924973604836
89.1854,88.6425,148.261,-39.66106739261582
89.1854,88.6425,148.261,-39.666154371890244
89.1854,88.6425,148.261,-39.6602169761147
89.1854,88.6425,148.261,-39.6602169761147
89.1854,88.6425,148.1,-39.6602169761147
89.1854,88.6425,148.1,-39.6602169761147
89.1854,88.6425,148.1,-39.613089443566935
90.0,88.6615,148.1,-39.613089443566935
90.0,88.6615,148.1,-39.81605891739564
90.0,88.6615,148.1,-39.78772561445774
90.0,88.6615,148.1,-39.91036846231297
90.0,88.6615,148.523,-39.87150648399457
90.0,88.6615,148.523,-39.85410868199088
90.0,88.6615,148.523,-39.94581454009151
90.0,88.6615,148.523,-39.91987077496936
90.0,88.6615,148.523,-39.88978518711992
90.5354,87.3246,148.523,-39.858667620385624
90.5354,87.3246,148.558,-39.85772678028947
90.5354,87.3246,148.558,-39.77095407072397
90.5354,87.3246,148.558,-39.76937501114912
90.5354,87.3246,148.558,-39.747739317768996
90.5354,87.3246,148.558,-39.747671487051186
90.5354,87.3246,148.441,-39.8091676550201
90.5354,87.3246,148.441,-39.74305813118988
89.4719,88.1524,148.441,-39.83980720695858
89.4719,88.1524,148.441,-39.828473802495466
89.4719,88.1524,148.441,-39.957616771932095
89.4719,88.1524,149.079,-40.02426635549377
89.4719,88.1524,149.079,-40.11084615130336
89.4719,88.1524,149.079,-40.21538122265418
89.4719,88.1524,149.079,-40.2412690145225
89.4719,88.1524,149.079,-40.343188569630826
91.6523,86.4236,149.459,-40.482309896146546
91.6523,86.4236,149.459,-40.5793230749061
91.6523,86.4236,149.459,-40.65457780669615
91.6523,86.4236,149.459,-40.638467639203064
91.6523,86.4236,149.459,-40.63570633437686
91.6523,86.4236,149.459,-40.624689128541924
91.6523,86.4236,150.285,-40.63626055853061
91.6523,86.4236,150.285,-40.664647345741905
91.3575,87.8286,150.285,-40.699477811517866
91.3575,87.8286,150.285,-40.642363986554614
91.3575,87.8286,150.285,-40.629785764450574
91.3575,87.8286,150.468,-40.625924404019315
91.3575,87.8286,150.468,-40.58552096777299
91.3575,87.8286,150.468,-40.494155538620646
91.3575,87.8286,150.468,-40.35769795164627
91.3575,87.8286,150.468,-40.3552380591407
89.7407,87.4092,149.852,-40.27215935109814
89.7407,87.4092,149.852,-40.17534880203387
89.7407,87.4092,149.852,-40.20918282393787
89.7407,87.4092,149.852,-39.988841022667785
89.7407,87.4092,149.852,-40.05932628980648
89.7407,87.4092,149.162,-39.94568035085811
89.7407,87.4092,149.162,-39.98252232391701
89.7407,87.4092,149.162,-40.05114298741991
90.2741,88.9035,149.162,-40.03189057848532
90.2741,88.9035,149.162,-40.08003451577231
90.2741,88.9035,149.162,-40.07281699186698
90.2741,88.9035,149.247,-40.15132606113806
90.2741,88.9035,149.247,-40.18180754850091
90.2741,88.9035,149.247,-40.16930949714515
90.2741,88.9035,149.247,-40.11686429286841
90.2741,88.9035,149.247,-40.10128263069025
88.6425,88.0999,149.977,-40.137041735937025
88.6425,88.0999,149.977,-40.18148012036416
88.6425,88.0999,149.977,-40.24556107203513
88.6425,88.0999,149.977,-40.301146090498904
88.6425,88.0999,149.977,-40.29082862691175
88.6425,88.0999,149.381,-40.30985464903094
88.6425,88.0999,149.381,-40.31975145754981
90.2702,88.3788,149.381,-40.241571333262065
90.2702,88.3788,149.381,-40.319804178587745
90.2702,88.3788,149.381,-40.28898928169187
90.2702,88.3788,149.459,-40.172307756503
90.2702,88.3788,149.459,-40.25893480917666
90.2702,88.3788,149.459,-40.23440152828901
90.2702,88.3788,149.459,-40.15087414612118
90.2702,88.3788,149.459,-40.141262976016954
90.8069,87.0437,149.459,-40.09220408239581
90.8069,87.0437,149.079,-40.10882467540462
90.8069,87.0437,149.079,-39.99886624564142
90.8069,87.0437,149.079,-39.971058779085105
90.8069,87.0437,149.079,-40.01730303666896
90.8069,87.0437,149.079,-40.001344463764816
90.8069,87.0437,148.653,-40.024100725535014
90.8069,87.0437,148.653,-39.926957967192244
89.7297,88.1088,148.653,-39.84017534448193
89.7297,88.1088,148.653,-39.92088606931654
89.7297,88.1088,148.653,-39.89553145913178
89.7297,88.1088,148.736,-39.92150901442431
89.7297,88.1088,148.736,-39.90260257119298
89.7297,88.1088,148.736,-39.88511116202507
89.7297,88.1088,148.736,-39.86895023646492
89.7297,88.1088,148.736,-39.8995914163022
90.5354,87.3246,148.048,-39.85839310798652
90.5354,87.3246,148.048,-39.90029662463232
90.5354,87.3246,148.048,-39.95674693578306
90.5354,87.3246,148.048,-39.88151592574523
90.5354,87.3246,148.048,-39.92271637041377
90.5354,87.3246,148.048,-39.9487232523061
90.5354,87.3246,149.036,-39.97143036472387
90.5354,87.3246,149.036,-39.95774350720633
89.4569,87.2866,149.036,-39.94907731632947
89.4569,87.2866,149.036,-39.953698800087395
89.4569,87.2866,149.036,-39.945821561735315
89.4569,87.2866,148.343,-39.94673564263202
89.4569,87.2866,148.343,-39.934712708602184
89.4569,87.2866,148.343,-39.91472156014303
89.4569,87.2866,148.343,-39.899795208587044
89.4569,87.2866,148.343,-39.93979025387051
90.0,87.2737,149.672,-39.93492049035313
90.0,87.2737,149.672,-39.960408542474426
90.0,87.2737,149.672,-39.93603388738764
90.0,87.2737,149.672,-39.894158167165756
90.0,87.2737,149.672,-39.91839518204369
90.0,87.2737,149.672,-39.94083749125012
90.0,87.2737,149.253,-39.902414095590586
90.0,87.2737,149.253,-39.983381992669536
90.0,87.2737,149.253,-39.91698325396226
90.0,87.849,149.253,-39.93303875505761
90.0,87.849,149.253,-39.94709383690663
90.0,87.849,149.253,-39.893714889369846
90.0,87.849,147.702,-39.86602972178039
90.0,87.849,147.702,-39.89215953497315
90.0,87.849,147.702,-39.92758605694138
90.0,87.849,147.702,-39.891703362230345
90.0,87.849,147.702,-39.94551184001905
90.0,87.849,147.702,-39.871399112797285
89.7245,87.5224,147.702,-39.887556084269214
89.7245,87.5224,148.865,-39.915177445767455
89.7245,87.5224,148.865,-39.95301143758628
89.7245,87.5224,148.865,-39.96189926499578
89.7245,87.5224,148.865,-39.970820620004154
89.7245,87.5224,148.865,-40.02001162949246
89.7245,87.5224,149.459,-39.961952906093956
89.7245,87.5224,149.459,-39.99560255953457
90.0,87.5805,149.459,-39.99145267963948
90.0,87.5805,149.459,-39.99485014389798
90.0,87.5805,149.459,-39.94897815987824
90.0,87.5805,149.459,-39.98100523687312
90.0,87.5805,147.89,-39.97881412530727
90.0,87.5805,147.89,-39.972898576279626
90.0,87.5805,147.89,-40.01317239391564
90.0,87.5805,147.89,-40.005029645087326
90.0,87.5805,147.89,-39.96395767879393
90.0,87.869,147.89,-40.018661882191026
90.0,87.869,148.826,-40.007464694661145
90.0,87.869,148.826,-40.00652548033743
90.0,87.869,148.826,-39.99989978378161
90.0,87.869,148.826,-40.0460837474353
90.0,87.869,148.826,-39.945345676010874
90.0,87.869,148.826,-39.96176222870219
90.0,87.869,148.994,-40.00567624782043
90.0,87.869,148.994,-40.00752523229075
90.0,87.869,148.994,-39.99469431112347
90.2702,87.0297,148.994,-40.061044036196265
90.2702,87.0297,148.994,-40.05345208038193
90.2702,87.0297,148.994,-40.04018475350541
90.2702,87.0297,149.333,-40.0501950796745
90.2702,87.0297,149.333,-40.025563412778396
90.2702,87.0297,149.333,-39.98124749470908
90.2702,87.0297,149.333,-40.027870867698624
90.2702,87.0297,149.333,-39.97093675525559
90.0,87.3246,149.207,-39.98461100465271
90.0,87.3246,149.207,-40.026808395914
90.0,87.3246,149.207,-40.015846696267765
90.0,87.3246,149.207,-40.02241698090381
90.0,87.3246,149.207,-40.02335050490296
90.0,87.3246,149.207,-40.00182968696619
90.0,87.3246,148.909,-39.97135149330839
90.0,87.3246,148.909,-40.04673489493533
90.0,87.3246,148.909,-40.02895745726751
90.0,87.849,148.909,-40.090711118423044
90.0,87.849,148.909,-40.12388842801376
90.0,87.849,148.909,-40.04906641219903
90.0,87.849,149.509,-40.148598926616714
90.0,87.849,149.509,-40.0928964819762
90.0,87.849,149.509,-40.120390168756394
90.0,87.849,149.509,-40.19706875699248
90.0,87.849,149.509,-40.14963233770362
90.0,87.849,149.509,-40.14963233770362
90.2715,87.2866,149.509,-40.109516489504095
90.2715,87.2866,149.547,-40.109516489504095
90.2715,87.2866,149.547,-40.146610874269406
90.2715,87.2866,149.547,-40.14738146856489
90.2715,87.2866,149.547,-40.11212352854998
90.2715,87.2866,149.547,-40.175007056143016
90.2715,87.2866,149.207,-40.14057832618499
90.2715,87.2866,149.207,-40.120225298887846
90.2702,87.5691,149.207,-40.136120542072014
90.2702,87.5691,149.207,-40.12903876935768
90.2702,87.5691,149.207,-40.17410573268713
90.2702,87.5691,149.547,-40.082231821256535
90.2702,87.5691,149.547,-40.09846834345392
90.2702,87.5691,149.547,-40.12205383663043
90.2702,87.5691,149.547,-40.1100597299203
90.2702,87.5691,149.547,-40.04884790410601
89.731,88.1177,149.547,-40.07378069798551
89.731,88.1177,149.121,-40.07236152534049
89.731,88.1177,149.121,-40.10087470268897
89.731,88.1177,149.121,-40.12589090648254
89.731,88.1177,149.121,-40.12805174060102
89.731,88.1177,149.121,-40.18893924711943
89.731,88.1177,149.293,-40.14524081257025
89.731,88.1177,149.293,-40.233901702305616
90.5379,87.312,149.293,-40.23769289499803
90.5379,87.312,149.293,-40.18573036789891
90.5379,87.312,149.293,-40.21872300109533
90.5379,87.312,149.293,-40.26880479103413
90.5379,87.312,149.293,-40.23179964464038
90.5379,87.312,149.293,-40.31966344885598
90.5379,87.312,149.293,-40.3228384170604
90.5379,87.312,149.293,-40.323833278447935
90.5379,87.312,149.293,-40.34413294853185
90.5405,87.2993,149.547,-40.38254247202662
90.5405,87.2993,149.547,-40.35356833875252
90.5405,87.2993,149.547,-40.348243751781894
90.5405,87.2993,149.547,-40.30587366693499
90.5405,87.2993,149.547,-40.33579881345413
90.5405,87.2993,149.509,-40.32659012432721
90.5405,87.2993,149.509,-40.377711783499194
90.5405,87.2993,149.509,-40.33075297311984
90.2702,87.5691,149.509,-40.34751242015436
90.2702,87.5691,149.509,-40.31636249786239
90.2702,87.5691,149.509,-40.31846296728746
90.2702,87.5691,149.333,-40.313195230390555
90.2702,87.5691,149.333,-40.332988353341236
90.2702,87.5691,149.333,-40.347681013480255
90.2702,87.5691,149.333,-40.36117513474338
90.269,87.0437,149.333,-40.339324271133
90.269,87.0437,150.133,-40.33020400364511
90.269,87.0437,150.133,-40.34422615776472
90.269,87.0437,150.133,-40.37907788581841
90.269,87.0437,150.133,-40.4111063163267
90.269,87.0437,150.133,-40.35767865126766
90.269,87.0437,150.656,-40.33673091580732
90.269,87.0437,150.656,-40.35536622899407
90.269,87.0437,150.656,-40.305161299683675
90.0,87.5576,150.656,-40.34996579874807
90.0,87.5576,150.656,-40.31858240543894
90.0,87.5576,150.656,-40.379662381339145
90.0,87.5576,149.547,-40.3026581348987
90.0,87.5576,149.547,-40.32676855373809
90.0,87.5576,149.547,-40.274971526678065
90.0,87.5576,149.547,-40.27423770349772
90.0,87.5576,149.547,-40.2788539318879
90.0,87.5576,149.547,-40.23655990287888
90.0,87.8183,149.547,-40.23786478854963
90.0,87.8183,149.547,-40.19852018252675
90.0,87.8183,149.547,-40.153294177853525
90.0,87.8183,149.547,-40.192795429386344
90.0,87.8183,149.547,-40.14178612449317
90.0,87.8183,149.547,-40.09816249104467
90.0,87.8183,149.165,-40.15463526622446
90.0,87.8183,149.165,-40.06584803996869
90.0,87.8183,149.165,-40.00854421118638
89.7297,87.2993,149.165,-40.01933829041036
89.7297,87.2993,149.165,-39.94553992470484
89.7297,87.2993,149.165,-39.91418129887319
89.7297,87.2993,148.95,-39.93090241593385
89.7297,87.2993,148.95,-39.89704713369647
89.7297,87.2993,148.95,-39.907048409236225
89.7297,87.2993,148.95,-39.83781173657791
89.7297,87.2993,148.95,-39.77014142957198
90.0,87.8789,148.475,-39.79296134342715
90.0,87.8789,148.475,-39.75965705726643
90.0,87.8789,148.475,-39.74144675362644
90.0,87.8789,148.475,-39.79160579405364
90.0,87.8789,148.475,-39.77535936539938
90.0,87.8789,148.475,-39.68390156613972
90.0,87.8789,148.821,-39.6528894022996
90.0,87.8789,148.821,-39.659326189992136
90.0,87.8789,148.821,-39.66050042977938
89.731,87.849,148.821,-39.64123668888953
89.731,87.849,148.821,-39.687165537802215
89.731,87.849,148.821,-39.691593306896316
89.731,87.849,148.343,-39.66438041731121
89.731,87.849,148.343,-39.645747090584834
89.731,87.849,148.343,-39.63189676901342
89.731,87.849,148.343,-39.644039311047706
89.731,87.849,148.343,-39.6206899778909
89.7297,87.8389,148.343,-39.69244216256267
90.5405,87.8389,149.333,-39.67115650189211
90.5405,87.8389,149.333,-39.587716577692376
90.5405,87.8389,149.333,-39.65431978593065
90.5405,87.8389,149.333,-39.694057175732006
90.5405,87.8389,149.333,-39.61916352384972
90.5405,87.8389,148.69,-39.64484470821726
90.5405,87.8389,148.69,-39.659843692941024
89.7297,88.1088,148.69,-39.672445663177726
89.7297,88.1088,148.69,-39.670723693203264
89.7297,88.1088,148.69,-39.654618905806316
89.7297,88.1088,148.69,-39.685754425086564
89.7297,88.1088,148.392,-39.69078140126681
89.7297,88.1088,148.392,-39.653654500469564
89.7297,88.1088,148.392,-39.67949190094758
89.7297,88.1088,148.392,-39.65853964517281
89.7297,88.1088,148.392,-39.68041912625622
90.0,88.1088,148.821,-39.660527461120864
90.0,88.1088,148.821,-39.62331348944504
90.0,88.1088,148.821,-39.617024568277856
90.0,88.1088,148.821,-39.60350117708016
90.0,88.1088,148.821,-39.64955707220904
90.0,88.1088,148.821,-39.608145771322604
90.0,88.1088,148.775,-39.62756494320283
90.0,88.1088,148.775,-39.63808008479957
90.0,88.1088,148.775,-39.65096886316674
90.0,88.1088,148.775,-39.65126520074912
90.0,88.1088,148.775,-39.62701502377416
90.0,88.1088,148.775,-39.67583006705959
90.0,88.1088,148.69,-39.65359177047568
90.0,88.1088,148.69,-39.65073268237843
90.0,88.1088,148.69,-39.604067237198144
90.0,88.1088,148.69,-39.600008019757105
90.0,88.1088,148.69,-39.600212277514075
90.0,88.1088,148.69,-39.68709203102896
90.2677,87.8591,148.343,-39.600983644322724
90.2677,87.8591,148.343,-39.631856851373996
90.2677,87.8591,148.343,-39.58436350979319
90.2677,87.8591,148.343,-39.595512819395736
90.2677,87.8591,148.343,-39.62986542696665
90.2677,87.8591,148.343,-39.53522950051928
90.2677,87.8591,148.343,-39.55542055418655
90.2677,87.8591,148.343,-39.63219398551924
90.0,88.1265,148.343,-39.63054013783635
90.0,88.1265,148.343,-39.65184627064366
90.0,88.1265,148.343,-39.670960963691215
90.0,88.1265,148.906,-39.69139169586401
90.0,88.1265,148.906,-39.70048932344552
90.0,88.1265,148.906,-39.687062628668016
90.0,88.1265,148.906,-39.73577130900217
90.0,88.1265,148.906,-39.729908030583594
90.0,88.1265,148.906,-39.72695895648912
90.0,88.3864,147.567,-39.75179990935176
90.0,88.3864,147.567,-39.7971560592772
90.0,88.3864,147.567,-39.80641133787798
90.0,88.3864,147.567,-39.81430025836679
90.0,88.3864,147.567,-39.8464861201384
90.0,88.3864,147.567,-39.892042404967206
90.0,88.3864,148.441,-39.87070509873596
90.0,88.3864,148.441,-39.87372851317715
90.0,88.3864,148.441,-39.93833747437722
90.269,88.6552,148.441,-40.010049967524026
90.269,88.6552,148.441,-40.041045147597096
90.269,88.6552,148.441,-40.08024735626243
90.269,88.6552,149.121,-40.12941232020022
90.269,88.6552,149.121,-40.072333010065755
90.269,88.6552,149.121,-40.072333010065755
90.269,88.6552,149.121,-40.18395229830308
90.269,88.6552,149.121,-40.21639162349735
89.7284,88.0999,149.333,-40.24820676437764
89.7284,88.0999,149.459,-40.2878103316566
89.7284,88.0999,149.459,-40.36563810780875
89.7284,88.0999,149.459,-40.439319936460194
89.7284,88.0999,149.459,-40.42517867167117
89.7284,88.0999,149.459,-40.46158397993711
89.7284,88.0999,150.224,-40.522700495885
89.7284,88.0999,150.224,-40.564494376626755
89.7284,88.0999,150.224,-40.617274828061454
89.7284,88.0999,150.224,-40.6780450221884
89.7284,88.0999,150.224,-40.72810938629939
89.7284,88.0999,150.468,-40.831294751662114
89.7284,88.0999,150.468,-40.889679220400765
89.7284,88.0999,150.468,-40.962355027742646
89.7284,88.0999,150.468,-41.02405401953091
89.7284,88.0999,150.468,-41.12132259439181
90.0,87.614,151.31,-41.14098439763452
90.0,87.614,151.31,-41.2398502923806
90.0,87.614,151.31,-41.26253757350653
90.0,87.614,151.31,-41.33274603940927
90.0,87.614,151.31,-41.34414316695903
90.0,87.614,151.31,-41.334204389421956
90.0,87.614,151.31,-41.377758055995415
90.0,87.614,150.994,-41.34105944641041
90.0,87.614,150.994,-41.4224933091164
90.0,87.614,150.994,-41.465136910872204
90.0,87.869,150.994,-41.422471660515754
90.0,87.869,150.994,-41.49170762737459
90.0,87.869,150.994,-41.52517898027075
90.0,87.869,150.043,-41.513850351462615
90.0,87.869,150.043,-41.53635859960501
90.0,87.869,150.043,-41.63901752464426
90.0,87.869,150.043,-41.68365069024553
90.0,87.869,150.043,-41.721518698729994
90.0,87.869,150.043,-41.72310806448711
90.2702,86.7603,150.043,-41.68927359148162
90.2702,86.7603,150.897,-41.72109569013755
90.2702,86.7603,150.897,-41.80718765983129
90.2702,86.7603,150.897,-41.88130397758677
90.2702,86.7603,150.897,-41.77436232518762
90.2702,86.7603,150.897,-41.895829964593545
90.2702,86.7603,151.017,-41.814623401011055
90.2702,86.7603,151.017,-41.81444734691746
90.269,87.5805,151.017,-41.86383075443682
90.269,87.5805,151.017,-41.90331049511131
90.269,87.5805,151.017,-41.90647259623682
90.269,87.5805,151.232,-41.91087568810411
90.269,87.5805,151.232,-41.86564574645577
90.269,87.5805,151.232,-41.87283153921895
90.269,87.5805,151.232,-41.885424001004424
90.269,87.5805,151.232,-41.96666488177418
90.0,88.6552,151.232,-41.95299579444882
90.0,88.6552,151.783,-41.942332891025906
90.0,88.6552,151.783,-41.9759422621284
90.0,88.6552,151.783,-41.98442165966539
90.0,88.6552,151.783,-42.041881265946905
90.0,88.6552,151.783,-42.086149508958684
90.0,88.6552,151.783,-42.145426820150306
90.0,88.6552,151.017,-42.17906069240527
90.0,88.6552,151.017,-42.17178379108005
90.2702,88.3788,151.017,-42.249501722806855
90.2702,88.3788,151.017,-42.24103411015048
90.2702,88.3788,151.017,-42.37267432270332
90.2702,88.3788,152.23,-42.43575438154454
90.2702,88.3788,152.23,-42.51962526079613
90.2702,88.3788,152.23,-42.569825685452976
90.2702,88.3788,152.23,-42.67630253948484
90.2702,88.3788,152.23,-42.762394956821375
90.2702,88.3788,152.23,-42.825175883562
90.269,87.849,152.014,-42.97430150875064
90.269,87.849,152.014,-43.06784473734169
90.269,87.849,152.014,-43.115588704709175
90.269,87.849,152.014,-43.16471706829557
90.269,87.849,152.014,-43.312299603687386
90.269,87.849,152.014,-43.32987284768706
90.269,87.849,152.672,-43.443973136795236
90.269,87.849,152.672,-43.432707697248205
90.2702,87.8389,152.672,-43.54334406785351
90.2702,87.8389,152.672,-43.636949359098594
90.2702,87.8389,152.672,-43.765644782746776
90.2702,87.8389,153.11,-43.81034904955872
90.2702,87.8389,153.11,-43.783468381645164
90.2702,87.8389,153.11,-43.9092844755934
90.2702,87.8389,153.11,-44.00616734838114
90.2702,87.8389,153.11,-44.08978777877859
90.0,87.849,153.11,-44.16371750171897
90.0,87.849,152.68,-44.102312509097715
90.0,87.849,152.68,-44.22206807618218
90.0,87.849,152.68,-44.30820502217416
90.0,87.849,152.68,-44.35536689023448
90.0,87.849,152.68,-44.42342922667795
90.0,87.849,152.68,-44.460346048133445
90.0,87.849,152.568,-44.42500454622936
90.0,87.849,152.568,-44.39711362659231
90.0,87.849,152.568,-44.507637586193916
89.7322,87.8591,152.568,-44.560562477966485
89.7322,87.8591,152.568,-44.612605975463794
89.7322,87.8591,152.568,-44.609041787253034
89.7322,87.8591,153.435,-44.70967161966547
89.7322,87.8591,153.435,-44.723982222386255
89.7322,87.8591,153.435,-44.82419429418751
89.7322,87.8591,153.435,-44.850121877429245
89.7322,87.8591,153.435,-44.989229026158185
90.2677,87.5917,152.889,-45.06425017776495
90.2677,87.5917,152.889,-45.11646606309533
90.2677,87.5917,152.889,-45.188757905750414
90.2677,87.5917,152.889,-45.25122024886844
90.2677,87.5917,152.889,-45.309243233869594
90.2677,87.5917,152.889,-45.37946898699771
90.2677,87.5917,154.075,-45.4648824527946
90.2677,87.5917,154.075,-45.505097418037586
89.4594,87.8389,154.075,-45.643518290170974
89.4594,87.8389,154.075,-45.7300400862455
89.4594,87.8389,154.075,-45.92932891754514
89.4594,87.8389,153.865,-45.93673847779457
89.4594,87.8389,153.865,-46.01417830952896
89.4594,87.8389,153.865,-46.1648785914457
89.4594,87.8389,153.865,-46.200322228389254
89.4594,87.8389,153.865,-46.38265851748314
90.0,87.0297,154.824,-46.555781831401355
90.0,87.0297,154.824,-46.565869080517345
90.0,87.0297,154.824,-46.738695818565574
90.0,87.0297,154.824,-46.91316070335331
90.0,87.0297,154.824,-46.90848384779109
90.0,87.0297,154.824,-47.02859392743463
90.0,87.0297,153.865,-47.10213425994715
90.0,87.0297,153.865,-47.17347968429987
90.0,87.0297,153.865,-47.242041995239454
90.5354,88.1265,153.865,-47.359421791589526
90.5354,88.1265,153.865,-47.41670383327143
90.5354,88.1265,153.865,-47.37307296060246
90.5354,88.1265,154.193,-47.44131921719213
90.5354,88.1265,154.193,-47.46306542928018
90.5354,88.1265,154.193,-47.54668389099968
90.5354,88.1265,154.193,-47.70038702413491
90.5354,88.1265,154.193,-47.66893637934803
90.0,87.849,153.865,-47.681771877326184
90.0,87.849,153.865,-47.74212066697497
90.0,87.849,153.865,-47.77609556561516
90.0,87.849,153.865,-47.8258765295891
90.0,87.849,153.865,-47.844945853648085
90.0,87.849,153.865,-47.938824841656654
90.0,87.849,154.631,-47.83902506396735
90.0,87.849,154.631,-47.87618658962539
90.0,87.849,154.631,-47.851590588735306
90.2728,87.2737,154.631,-47.878203507560464
90.2728,87.2737,154.631,-47.85787495112706
90.2728,87.2737,154.631,-47.85577734499074
90.2728,87.2737,154.393,-47.90335052725871
90.2728,87.2737,154.393,-47.82693701897567
90.2728,87.2737,154.393,-47.853647920240775
90.2728,87.2737,154.393,-47.80316744749768
90.2728,87.2737,154.393,-47.91799783161538
89.731,87.849,153.861,-47.89603516942485
89.731,87.849,153.861,-47.82555421368308
89.731,87.849,153.861,-47.8566163864376
89.731,87.849,153.861,-47.91439146760352
89.731,87.849,153.861,-47.9397854644637
89.731,87.849,153.861,-47.97954358734341
89.731,87.849,155.358,-48.161262070545064
89.731,87.849,155.358,-48.1624041557426
89.731,87.849,155.358,-48.228695043656444
90.2715,87.8286,155.358,-48.270538596324585
90.2715,87.8286,155.358,-48.2751784566235
90.2715,87.8286,155.358,-48.33461542484053
90.2715,87.8286,154.193,-48.34730636545159
90.2715,87.8286,154.193,-48.2480934385952
90.2715,87.8286,154.193,-48.2557623980723
90.2715,87.8286,154.193,-48.326570301325205
90.2715,87.8286,154.193,-48.30568108202287
90.5431,87.0157,154.824,-48.27832803872168
90.5431,87.0157,154.824,-48.24515918039327
90.5431,87.0157,154.824,-48.28154738145723
90.5431,87.0157,154.824,-48.24309626413282
90.5431,87.0157,154.824,-48.174256291151465
90.5431,87.0157,154.811,-48.14226099319686
90.5431,87.0157,154.811,-48.1209421601011
90.5379,87.312,154.811,-48.06616682575093
91.0758,87.312,154.811,-47.926393103607396
91.0758,87.312,154.811,-47.68274649554861
91.0758,87.312,154.811,-47.58377377281977
91.0758,87.312,154.837,-47.29795474829545
91.0758,87.312,154.837,-47.037711666360444
91.0758,87.312,154.837,-46.62605447266121
91.0758,87.312,154.837,-46.419631715433525
91.0758,87.312,154.837,-46.048123749824946
90.792,86.3086,153.435,-45.85742662212796
90.792,86.3086,153.435,-45.85742662212796
90.792,86.3086,153.435,-45.4309278396305
90.792,86.3086,153.435,-45.02623893639489
90.792,86.3086,153.435,-44.46652841784804
90.792,86.3086,152.56,-44.082683595070705
90.792,86.3086,152.56,-43.803017302821246
90.2702,87.5691,152.56,-43.55901025492291
90.2702,87.5691,152.56,-43.29753169414061
90.2702,87.5691,152.56,-43.06058494279671
90.2702,87.5691,152.014,-42.91029279112098
90.2702,87.5691,152.014,-42.687727501835305
90.2702,87.5691,152.014,-42.59588582626057
90.2702,87.5691,152.014,-42.420972391529766
90.2702,87.5691,152.014,-42.37937435937433
89.731,87.5805,150.852,-42.25888979073971
89.731,87.5805,150.852,-42.15176007837505
89.731,87.5805,150.852,-42.10315014860673
89.731,87.5805,150.852,-41.898923013620205
89.731,87.5805,150.852,-41.84512253499921
89.731,87.5805,150.852,-41.76616013198785
89.731,87.5805,151.232,-41.63817537067203
89.731,87.5805,151.232,-41.62893450879535
89.731,88.6552,151.232,-41.48771446521998
89.731,88.6552,151.232,-41.51066951795623
89.731,88.6552,151.232,-41.455336521990624
89.731,88.6552,149.865,-41.43721740326953
89.731,88.6552,149.865,-41.46612414611434
89.731,88.6552,149.865,-41.47005704736655
89.731,88.6552,149.865,-41.45326147022777
89.731,88.6552,149.865,-41.45025761811784
89.731,88.6552,149.865,-41.42869582819435
90.5457,87.0015,150.994,-41.45808859186522
90.5457,87.0015,150.994,-41.37564626640999
90.5457,87.0015,150.994,-41.43123061054813
90.5457,87.0015,150.994,-41.392469527038
90.5457,87.0015,150.994,-41.36312382283987
90.5457,87.0015,150.317,-41.3748623347448
90.5457,87.0015,150.317,-41.38014251014805
89.4594,87.8389,150.317,-41.38092440993135
90.0,87.8389,150.317,-41.39747063296212
90.0,87.8389,150.317,-41.46809762854842
90.0,87.8389,150.317,-41.41144026530319
90.0,87.8389,151.232,-41.37675870553154
90.0,87.8389,151.232,-41.37645338677561
90.0,87.8389,151.232,-41.438743723028026
90.0,87.8389,151.232,-41.33439316234107
90.0,87.8389,151.232,-41.352451744957925
90.5379,88.3864,151.232,-41.38554540426731
90.5379,88.3864,150.897,-41.34729991183973
90.5379,88.3864,150.897,-41.376266843783355
90.5379,88.3864,150.897,-41.34040408148552
90.5379,88.3864,150.897,-41.35517956712826
90.5379,88.3864,150.897,-41.33687536296061
90.5379,88.3864,150.468,-41.357406953999444
90.5379,88.3864,150.468,-41.36361014308635
89.462,88.1177,150.468,-41.36380749813065
89.462,88.1177,150.468,-41.371977481494106
89.462,88.1177,150.468,-41.38746003821572
89.462,88.1177,149.621,-41.39154922787028
89.462,88.1177,149.621,-41.43696691806288
89.462,88.1177,149.621,-41.3433654389112
89.462,88.1177,149.621,-41.385242184113984
89.462,88.1177,149.621,-41.463054406284556
89.462,88.1177,149.621,-41.42105240545929
90.2677,87.8591,151.468,-41.44309571591948
90.2677,87.8591,151.468,-41.40564392272001
90.2677,87.8591,151.468,-41.335150484700385
90.2677,87.8591,151.468,-41.367315154980126
90.2677,87.8591,151.468,-41.36893998497286
90.2677,87.8591,150.255,-41.40818931805303
90.2677,87.8591,150.255,-41.37936916220963
90.0,88.3788,150.255,-41.39559597308541
90.0,88.3788,150.255,-41.37600873355428
90.0,88.3788,150.255,-41.3585846677075
90.0,88.3788,150.255,-41.37720668983938
90.0,88.3788,150.802,-41.37641434223048
90.0,88.3788,150.802,-41.33050201771948
90.0,88.3788,150.802,-41.29087606730102
90.0,88.3788,150.802,-41.322622513457304
90.0,88.3788,150.802,-41.36109019400925
90.0,88.3788,150.802,-41.4406442595234
90.0,88.394,150.468,-41.41777372744912
90.0,88.394,150.468,-41.36658737200012
90.0,88.394,150.468,-41.293537542720145
90.0,88.394,150.468,-41.41730976977107
90.0,88.394,150.468,-41.34618502939735
90.0,88.394,150.468,-41.343694543505535
90.0,88.394,150.827,-41.3807618304913
90.0,88.394,150.827,-41.42691243027513
90.0,88.394,150.827,-41.469806323176655
90.2728,87.5459,150.827,-41.34428715611541
90.2728,87.5459,150.827,-41.39396549730624
90.2728,87.5459,150.827,-41.350566225527665
90.2728,87.5459,151.091,-41.322052932119966
90.2728,87.5459,151.091,-41.37675870553154
90.2728,87.5459,151.091,-41.390721070919156
90.2728,87.5459,151.091,-41.36462215571071
90.2728,87.5459,151.091,-41.320906230251055
89.7322,87.5917,149.621,-41.32309681989217
89.7322,87.5917,149.621,-41.34816131410412
89.7322,87.5917,149.621,-41.298732488592464
89.7322,87.5917,149.621,-41.30421738496238
89.7322,87.5917,149.621,-41.33725852344072
89.7322,87.5917,149.621,-41.31347674160171
89.7322,87.5917,150.224,-41.366841135264714
89.7322,87.5917,150.224,-41.35551712375108
90.0,87.849,150.224,-41.39357621235809
90.0,87.849,150.224,-41.46734666926815
90.0,87.849,150.224,-41.370232380720616
90.0,87.849,150.897,-41.37974252282794
90.0,87.849,150.897,-41.41434790470525
90.0,87.849,150.897,-41.44392593533859
90.0,87.849,150.897,-41.41384301591135
90.0,87.849,150.897,-41.43274988306959
90.0,87.849,150.897,-41.38023315011508
90.269,88.1177,150.897,-41.390364718202434
90.269,88.1177,150.897,-41.36389103878936
90.269,88.1177,150.897,-41.348344498591025
90.269,88.1177,150.897,-41.3370978391237
90.269,88.1177,150.897,-41.30210319648671
90.269,88.1177,150.897,-41.34387592497206
90.269,88.1177,151.232,-41.3295609579195
90.269,88.1177,151.232,-41.333502537621726
90.269,88.1177,151.232,-41.396214505048235
90.264,87.625,151.232,-41.361056150654406
90.264,87.625,151.232,-41.30902733052708
90.264,87.625,151.232,-41.36140010888455
90.264,87.625,150.827,-41.34526479378135
90.264,87.625,150.827,-41.35335004042932
90.264,87.625,150.827,-41.41035689234356
90.264,87.625,150.827,-41.34946155238563
90.264,87.625,150.827,-41.336451668746086
90.0,87.8789,150.827,-41.34962592849546
90.0,87.8789,150.827,-41.33399065360332
90.0,87.8789,150.827,-41.30592815138874
90.0,87.8789,150.827,-41.28091905392538
90.0,87.8789,150.827,-41.26526709851071
90.0,87.8789,150.827,-41.27882836955919
90.0,87.8789,150.44,-41.280184653990474
90.0,87.8789,150.44,-41.30815550453933
90.0,87.8789,150.44,-41.325694505903755
89.7284,87.5576,150.44,-41.31042512653586
89.7284,87.5576,150.44,-41.342893756844475
89.7284,87.5576,150.44,-41.365160838341694
89.7284,87.5576,150.44,-41.335639591768036
89.7284,87.5576,151.04,-41.335639591768036
89.7284,87.5576,151.04,-41.334794097054484
89.7284,87.5576,151.04,-41.30837010804811
89.7284,87.5576,151.04,-41.355587552541586
89.7284,87.5576,151.04,-41.413894432020726
90.0,87.5917,150.922,-41.32528315566681
90.0,87.5917,150.922,-41.32528315566681
90.0,87.5917,150.922,-41.32528315566681
90.0,87.5917,150.922,-41.32528315566681
90.0,87.5917,150.922,-41.32528315566681
90.0,87.5917,150.922,-41.303579020862884
90.0,87.5917,150.682,-41.303579020862884
90.0,87.5917,150.682,-41.29088670144702
90.0,87.5917,150.682,-41.292620415373456
90.0,87.5691,150.682,-41.285642974330024
90.0,87.5691,150.682,-41.32596143543544
90.0,87.5691,150.682,-41.28762324107999
90.0,87.5691,150.682,-41.31708304466342
90.0,87.5691,150.682,-41.27156282552936
90.0,87.5691,150.682,-41.24567932694498
90.0,87.5691,150.682,-41.26665457982782
90.0,87.5691,150.682,-41.27198738287879
90.0,87.5691,150.682,-41.28510158593449
90.0,88.4014,150.802,-41.3400464558383
90.0,88.4014,150.802,-41.31694824568838
90.0,88.4014,150.802,-41.338288333978035
90.0,88.4014,150.802,-41.317926703121294
90.0,88.4014,150.802,-41.30194860517838
90.0,88.4014,150.802,-41.258218385447805
90.0,88.4014,150.802,-41.33252781228626
90.0,88.4014,150.802,-41.37784349282426
90.0,88.4014,150.802,-41.32982222374427
90.2702,87.5691,150.802,-41.22246258506016
90.2702,87.5691,150.802,-41.32745852803153
90.2702,87.5691,150.802,-41.3407533999272
90.2702,87.5691,150.873,-41.32465588806839
90.2702,87.5691,150.873,-41.308828444830596
90.2702,87.5691,150.873,-41.295681098919744
90.2702,87.5691,150.873,-41.40468398456987
90.2702,87.5691,150.873,-41.40467470556633
90.0,88.1608,151.35,-41.30603593036603
90.0,88.1608,151.35,-41.37221503623839
90.0,88.1608,151.35,-41.289207095005466
90.0,88.1608,151.35,-41.35834596723109
90.0,88.1608,151.35,-41.29348194566998
90.0,88.1608,151.35,-41.30355582393438
90.0,88.1608,150.376,-41.26256583489124
90.0,88.1608,150.376,-41.31113127132604
90.0,88.1608,150.376,-41.3118319210235
90.0,87.2866,150.376,-41.33179107477667
90.0,87.2866,150.376,-41.34533074918014
90.0,87.2866,150.376,-41.339267310354046
90.0,87.2866,150.193,-41.316847684098605
90.0,87.2866,150.193,-41.3332128621628
90.0,87.2866,150.193,-41.29179601723226
90.0,87.2866,150.193,-41.29936880878245
90.0,87.2866,150.193,-41.292908725720096
90.0,87.2866,150.193,-41.3068419564718
90.5354,88.394,149.977,-41.26119101282701
90.5354,88.394,149.977,-41.26282521431989
90.5354,88.394,149.977,-41.17748712320798
90.5354,88.394,149.977,-41.21774698911939
90.5354,88.394,149.977,-41.2352168381851
90.5354,88.394,149.977,-41.24391796018807
90.5354,88.394,150.777,-41.24208159650906
90.5354,88.394,150.777,-41.224805677668996
89.4594,87.8389,150.777,-41.2609652624847
89.4594,87.8389,150.777,-41.20796856650272
89.4594,87.8389,150.777,-41.24708451333972
89.4594,87.8389,150.802,-41.28321827131222
89.4594,87.8389,150.802,-41.291356224947585
89.4594,87.8389,150.802,-41.29208214543601
89.4594,87.8389,150.802,-41.29899110727722
89.4594,87.8389,150.802,-41.26598549891962
90.2702,87.8389,150.802,-41.23137915405486
90.2702,87.8389,150.802,-41.24649396389542
90.2702,87.8389,150.802,-41.22549279870279
90.2702,87.8389,150.802,-41.26434799416283
90.2702,87.8389,150.802,-41.19615227184495
90.2702,87.8389,150.802,-41.25950199834766
90.2702,87.8389,150.709,-41.24000058687155
90.2702,87.8389,150.709,-41.18635403887264
89.1854,87.5576,150.709,-41.22422600384533
89.1854,87.5576,150.709,-41.26152134236993
89.1854,87.5576,150.709,-41.28281702777989
89.1854,87.5576,151.017,-41.27118277074098
89.1854,87.5576,151.017,-41.26026722689825
89.1854,87.5576,151.017,-41.22508742604115
89.1854,87.5576,151.017,-41.24458128238892
89.1854,87.5576,151.017,-41.21093647931244
90.5405,87.5691,150.827,-41.21802043698941
90.5405,87.5691,150.827,-41.24068617439538
90.5405,87.5691,150.827,-41.164743770689114
90.5405,87.5691,150.827,-41.17722605698852
90.5405,87.5691,150.827,-41.16118870103226
90.5405,87.5691,150.827,-41.162244179651
90.5405,87.5691,151.113,-41.16516834323483
90.5405,87.5691,151.113,-41.268984610535284
90.0,87.5691,151.113,-41.229125557725446
90.0,87.5691,151.113,-41.27216579405008
90.0,87.5691,151.113,-41.276991233316956
90.0,87.5691,151.211,-41.27119441537986
90.0,87.5691,151.211,-41.26777752448734
90.0,87.5691,151.211,-41.200233092381794
90.0,87.5691,151.211,-41.27053310228761
90.0,87.5691,151.211,-41.32260055360096
90.0,87.5691,151.211,-41.28216084096677
90.0,87.3246,150.44,-41.272378626458135
90.0,87.3246,150.44,-41.21012483090101
90.0,87.3246,150.44,-41.2156930206412
90.0,87.3246,150.44,-41.20761620449447
90.0,87.3246,150.44,-41.160681439990384
90.0,87.3246,150.44,-41.24174380487709
90.0,87.3246,150.44,-41.237022205029845
90.0,87.3246,150.44,-41.175464011487
90.0,87.3246,150.44,-41.23099945284484
89.4543,87.8183,150.44,-41.21429769170463
89.4543,87.8183,150.44,-41.254594438340426
89.4543,87.8183,150.44,-41.234574364325354
89.4543,87.8183,150.164,-41.18141433337762
89.4543,87.8183,150.164,-41.19090808726512
89.4543,87.8183,150.164,-41.22759123320464
89.4543,87.8183,150.164,-41.22972738105546
89.4543,87.8183,150.164,-41.21138177596301
89.731,89.462,150.164,-41.16797611197137
89.731,89.462,150.347,-41.17336628424187
89.731,89.462,150.347,-41.157674696785016
89.731,89.462,150.347,-41.12114925080641
89.731,89.462,150.347,-41.1412422668714
89.731,89.462,150.347,-41.15024028672214
89.731,89.462,150.285,-41.16480626598907
89.731,89.462,150.285,-41.17609883513567
89.731,89.462,150.285,-41.11808645484534
90.5431,86.4744,150.285,-41.112700623409914
90.5431,86.4744,150.285,-41.0663906357786
90.5431,86.4744,150.285,-41.03242346165868
90.5431,86.4744,150.682,-41.12970144213392
90.5431,86.4744,150.682,-41.015842910447475
90.5431,86.4744,150.682,-41.13122642092093
90.5431,86.4744,150.682,-41.10342246155519
90.5431,86.4744,150.682,-41.07048596171214
89.1854,88.3712,150.682,-41.06105336591934
89.1854,88.3712,150.682,-41.03685043820684
89.1854,88.3712,150.682,-41.04715138548801
89.1854,88.3712,150.682,-41.09965212130069
89.1854,88.3712,150.682,-41.090224065966524
89.1854,88.3712,150.043,-41.10992631315349
89.1854,88.3712,150.405,-41.05739116373789
89.1854,88.3712,150.405,-41.09922373027069
90.7994,87.0711,150.405,-41.14154022250598
90.7994,87.0711,150.405,-41.05901293920741
90.7994,87.0711,150.405,-41.11638271304539
90.7994,87.0711,150.656,-41.09664105137358
90.7994,87.0711,150.656,-41.1353715749484
90.7994,87.0711,150.656,-41.09344051883597
90.7994,87.0711,150.656,-41.13741689463515
90.7994,87.0711,150.656,-41.12541889076921
89.7258,87.5342,150.133,-41.08415317671901
89.7258,87.5342,150.133,-41.09526692736522
89.7258,87.5342,150.133,-41.09276584653924
89.7258,87.5342,150.133,-41.04670200452266
89.7258,87.5342,150.133,-41.0760898852612
89.7258,87.5342,150.496,-41.09527251855383
89.7258,87.5342,150.496,-41.080726766106196
89.7258,87.5342,150.496,-41.09779386141112
90.5405,87.0297,150.496,-41.05691150035493
90.5405,87.0297,150.496,-41.12621076512813
90.5405,87.0297,150.496,-41.09649411169496
90.5405,87.0297,150.496,-41.084313388665024
90.5405,87.0297,150.496,-41.049797342342195
90.5405,87.0297,150.496,-41.07749389502699
90.5405,87.0297,150.496,-41.02685605149544
89.4594,88.1088,150.496,-41.042076687106075
89.4594,88.1088,150.468,-41.042076687106075
89.4594,88.1088,150.468,-41.019694009134476
89.4594,88.1088,150.468,-41.065264807589045
89.4594,88.1088,150.468,-40.97793959302742
89.4594,88.1088,150.656,-41.01038143742572
89.4594,88.1088,150.656,-41.018956778486874
90.0,87.5691,150.656,-40.97285662491139
90.0,87.5691,150.656,-41.027234329247136
90.0,87.5691,150.656,-40.95940462218785
90.0,87.5691,150.656,-41.00134694282545
90.0,87.5691,150.317,-40.94657665997499
90.0,87.5691,150.317,-40.91921530917459
90.0,87.5691,150.317,-40.98981179372763
90.0,87.5691,150.317,-40.937467432166116
90.0,87.5691,150.317,-40.91548102171855
89.7322,87.0575,150.317,-40.946621848923655
89.7322,87.0575,150.255,-40.974987483889294
89.7322,87.0575,150.255,-40.95618349384131
89.7322,87.0575,150.255,-40.980102152224376
89.7322,87.0575,150.255,-41.05583245140187
89.7322,87.0575,150.255,-40.9420066551272
89.7322,87.0575,150.255,-40.94689495736053
89.7322,87.0575,150.255,-40.9927208821674
89.731,88.6552,150.255,-40.96216129507831
89.731,88.6552,150.255,-40.930726697111346
89.731,88.6552,150.255,-40.94490843628671
89.731,88.6552,149.672,-40.95671862363889
89.731,88.6552,149.672,-40.99381117566566
89.731,88.6552,149.672,-40.93420473250638
89.731,88.6552,149.672,-40.975909647916254
89.731,88.6552,149.672,-40.962369323879614
89.731,88.6552,149.672,-41.013907416680325
90.0,87.312,150.224,-40.95350342184653
90.0,87.312,150.224,-40.93080989460355
90.0,87.312,150.224,-40.930163443071805
90.0,87.312,150.224,-40.9663676801836
90.0,87.312,150.224,-40.969933152994926
90.0,87.312,150.224,-40.98781794584711
90.0,87.312,150.561,-40.95747983260758
90.0,87.312,150.561,-40.96198925982969
90.0,87.312,150.561,-40.97483965918116
90.0,88.68,150.561,-40.96985907907029
90.0,88.68,150.561,-40.95920116884689
90.0,88.68,150.561,-40.89977260418719
90.0,88.68,150.561,-40.9631349754099
90.0,88.68,149.657,-40.92889577702834
90.0,88.68,149.657,-40.951238510481744
90.0,88.68,149.657,-40.96166393959259
90.0,88.68,149.657,-40.930484944031434
90.0,88.68,149.657,-40.90882396613785
90.0,88.68,149.657,-40.91284153878958
90.0,87.8286,151.113,-40.98075657570878
90.0,87.8286,151.113,-40.88704567774492
90.0,87.8286,151.113,-40.96246594728055
90.0,87.8286,151.113,-40.95231843814673
90.0,87.8286,151.113,-40.96859014205058
90.0,87.8286,151.113,-40.97537907064436
90.0,87.8286,150.01,-40.95012444033542
90.0,87.8286,150.01,-40.916893077183104
90.0,87.8286,150.01,-40.95692343777047
90.2677,88.1265,150.01,-40.95657634258421
90.2677,88.1265,150.01,-40.91125637756086
90.2677,88.1265,150.01,-40.922165392157304
90.2677,88.1265,150.561,-40.93441632452624
90.2677,88.1265,150.561,-40.94127856918405
90.2677,88.1265,150.561,-40.96263356440171
90.2677,88.1265,150.561,-40.975558559707714
90.2677,88.1265,150.561,-40.92845748844569
90.0,88.1177,150.561,-40.94433450335802
90.0,88.1177,150.945,-40.92722308290497
90.0,88.1177,150.945,-40.961649152888086
90.0,88.1177,150.945,-40.927517958512645
90.0,88.1177,150.945,-41.01687962001553
90.0,88.1177,150.945,-40.91215389857066
90.0,88.1177,150.945,-40.98354071002217
90.0,88.1177,150.897,-40.98338615418142
90.0,88.1177,150.897,-40.96388498133799
90.0,88.1265,150.897,-40.932735627781824
90.0,88.1265,150.897,-40.94445969184048
90.0,88.1265,150.897,-40.97036823934918
90.0,88.1265,150.897,-40.93535587842033
90.0,88.1265,150.347,-40.894163890593575
90.0,88.1265,150.347,-40.90189317599056
90.0,88.1265,150.347,-40.90947455386814
90.0,88.1265,150.347,-40.9763532464197
90.0,88.1265,150.347,-40.9587140033359
89.731,86.7755,150.347,-40.98172799721829
89.731,86.7755,150.682,-40.99047462846963
89.731,86.7755,150.682,-40.94812808876184
89.731,86.7755,150.682,-40.92548699921008
89.731,86.7755,150.682,-40.92763630559726
89.731,86.7755,150.682,-40.98239257073182
89.731,86.7755,150.255,-40.99029303344177
89.731,86.7755,150.255,-40.9494692095167
89.731,86.7755,150.255,-40.91601847541456
90.0,88.3788,150.255,-40.99183832224728
90.0,88.3788,150.255,-40.94551534607832
90.0,88.3788,150.255,-40.99352020536037
90.0,88.3788,150.468,-40.967220896016876
90.0,88.3788,150.468,-40.96084335362397
90.0,88.3788,150.468,-40.983743820612275
90.0,88.3788,150.468,-40.97467750274666
90.0,88.3788,150.468,-40.94437917804942
90.0,88.3788,150.468,-40.968595572508534
89.7297,87.5691,149.672,-40.99756375772905
89.7297,87.5691,149.672,-41.03917149130357
89.7297,87.5691,149.672,-40.924492400555664
89.7297,87.5691,149.672,-40.97226169351686
89.7297,87.5691,149.672,-40.97043293809161
89.7297,87.5691,149.459,-40.95285948648292
89.7297,87.5691,149.459,-40.97236249011183
89.7297,87.5691,149.459,-40.93341429240393
90.0,87.8591,149.459,-40.9355444995029
90.0,87.8591,149.459,-40.950982829223236
90.0,87.8591,149.459,-40.93876898208441
90.0,87.8591,150.101,-40.93580466306121
90.0,87.8591,150.101,-40.99926277528715
90.0,87.8591,150.101,-40.915223535709956
90.0,87.8591,150.101,-41.01003004356008
90.0,87.8591,150.101,-41.01145373828204
90.0,87.8591,150.101,-40.97850660393294
90.0,87.5917,150.44,-41.00104303268331
90.0,87.5917,150.44,-40.97645067601689
90.0,87.5917,150.44,-40.989530020380386
90.0,87.5917,150.44,-40.98331234580058
90.0,87.5917,150.44,-41.028901445569126
90.0,87.5917,150.44,-41.02473010310103
90.0,87.5917,150.068,-41.050056895847355
90.0,87.5917,150.068,-41.03467548296574
90.0,87.5917,150.068,-40.98297304153027
90.0,87.2993,150.068,-40.981841888587745
90.0,87.2993,150.068,-40.94650494804334
90.0,87.2993,150.068,-41.00335945412126
90.0,87.2993,149.534,-40.95633856146843
90.0,87.2993,149.534,-40.996658847369716
90.0,87.2993,149.534,-41.04342704992669
90.0,87.2993,149.534,-41.01913508092992
90.0,87.2993,149.534,-41.00595893881993
90.0,87.2993,149.534,-41.02189895563137
90.2664,87.603,149.943,-40.959525812000344
90.2664,87.603,149.943,-41.05440219284394
90.2664,87.603,149.943,-41.05213086291507
90.2664,87.603,149.943,-40.998454938297265
90.2664,87.603,149.943,-41.02194843362142
90.2664,87.603,149.943,-41.00142851970821
90.2664,87.603,150.224,-41.024878135442215
90.2664,87.603,150.224,-40.982295502982524
90.0,87.5917,150.224,-41.01293176388471
90.0,87.5917,150.224,-41.012160774141215
90.0,87.5917,150.224,-40.995369638544986
90.0,87.5917,150.224,-40.93670776222561
90.0,87.5917,150.777,-40.992017003814
90.0,87.5917,150.777,-40.96572282143374
90.0,87.5917,150.777,-40.95817419517185
90.0,87.5917,150.777,-40.98032292249862
90.0,87.5917,150.777,-40.99501151010843
90.2677,88.1265,150.777,-40.93520400765803
90.2677,88.1265,149.584,-40.93520400765803
90.2677,88.1265,149.584,-40.96207207250845
90.2677,88.1265,149.584,-40.904026457143274
90.2677,88.1265,149.584,-40.90447688022549
90.2677,88.1265,149.584,-40.94203167911833
90.2677,88.1265,151.548,-40.908008921147996
90.2677,88.1265,151.548,-40.9210939121497
89.7271,87.0015,151.548,-40.99398199325388
89.7271,87.0015,151.548,-40.91219678152434
89.7271,87.0015,151.548,-40.95230614237697
89.7271,87.0015,150.286,-40.94069628640491
89.7271,87.0015,150.286,-40.99679896942017
89.7271,87.0015,150.286,-40.915923367603085
89.7271,87.0015,150.286,-40.96729739261064
89.7271,87.0015,150.286,-40.97629340495877
90.269,88.1177,150.468,-40.97390734235481
90.269,88.1177,150.468,-40.97984278623973
90.269,88.1177,150.468,-40.968893764441425
90.269,88.1177,150.468,-40.99166907787606
90.269,88.1177,150.468,-40.953377972404255
90.269,88.1177,150.468,-40.93900433218473
90.269,88.1177,150.224,-40.98395784009722
90.269,88.1177,150.224,-40.917106754581226
89.7297,87.8389,150.224,-40.97429982037956
89.7297,87.8389,150.224,-40.9743700154026
89.7297,87.8389,150.224,-40.85675051417602
89.7297,87.8389,150.164,-40.92294255147979
89.7297,87.8389,150.164,-40.90436889116874
89.7297,87.8389,150.164,-40.87340244091257
89.7297,87.8389,150.164,-40.96693811708007
89.7297,87.8389,150.164,-40.909565137434136
90.0,87.849,150.164,-40.93268617656885
90.0,87.849,150.224,-40.95435657416826
90.0,87.849,150.224,-40.88420891881363
90.0,87.849,150.224,-41.0084702977164
90.0,87.849,150.224,-40.94730759980591
90.0,87.849,150.224,-40.89722423346649
90.0,87.849,150.224,-40.90728067104055
90.0,87.849,150.317,-40.949515903115305
90.0,87.849,150.317,-40.884502340812844
90.0,87.849,150.317,-40.8555550786555
90.5431,87.5576,150.317,-40.9249781858886
90.5431,87.5576,150.317,-40.918793125910014
90.5431,87.5576,150.317,-40.94361093554481
90.5431,87.5576,150.897,-40.895418059674995
90.5431,87.5576,150.897,-40.91183667532674
90.5431,87.5576,150.897,-40.92016720236677
90.5431,87.5576,150.897,-40.88318500229013
90.5431,87.5576,150.897,-40.912215786605124
90.0,87.5459,150.255,-40.94151258349727
90.0,87.5459,150.255,-40.88609714066631
90.0,87.5459,150.255,-40.888732046753006
90.0,87.5459,150.255,-40.921573457120566
90.0,87.5459,150.255,-40.927145821959776
90.0,87.5459,150.255,-40.922203978182594
90.0,87.5459,150.44,-40.891327814537476
90.0,87.5459,150.44,-40.92416645635267
90.0,87.5459,150.44,-40.9119472866378
90.2702,88.1088,150.44,-40.91934075187979
90.2702,88.1088,150.44,-40.89263937866563
90.2702,88.1088,150.44,-40.969844264436965
90.2702,88.1088,150.994,-40.90004083843951
90.2702,88.1088,150.994,-40.86024682613385
90.2702,88.1088,150.994,-40.91127342970596
90.2702,88.1088,150.994,-40.875223638791155
90.2702,88.1088,150.994,-40.88953524057055
89.731,87.5805,150.347,-40.898101372646096
89.731,87.5805,150.347,-40.86956738060999
89.731,87.5805,150.347,-40.86939945688073
89.731,87.5805,150.347,-40.90560265578243
89.731,87.5805,150.347,-40.915119667834546
89.731,87.5805,150.347,-40.9095534491259
89.731,87.5805,150.922,-40.87114318823066
89.731,87.5805,150.922,-40.934066125729984
89.7271,87.0015,150.922,-40.93112459129853
89.7271,87.0015,150.922,-40.94622351471311
89.7271,87.0015,150.922,-40.95473006555646
89.7271,87.0015,150.534,-40.91341961118481
89.7271,87.0015,150.534,-40.96078175432736
89.7271,87.0015,150.534,-40.921802504920976
89.7271,87.0015,150.534,-40.95614017435078
89.7271,87.0015,150.534,-40.92767885265133
90.0,87.8591,149.831,-40.91712626902276
90.0,87.8591,149.831,-40.928854685594665
90.0,87.8591,149.831,-40.93562827928647
90.0,87.8591,149.831,-40.92661383453968
90.0,87.8591,149.831,-40.93241934558161
90.0,87.8591,149.831,-40.91808648784727
90.0,87.8591,149.381,-40.93973694100889
90.0,87.8591,149.381,-40.94941170335355
90.0,87.8591,149.381,-40.92115983423557
90.0,87.0575,149.381,-40.911780639834554
90.0,87.0575,149.381,-40.98510242885737
90.0,87.0575,149.381,-40.959257819546096
90.0,87.0575,150.682,-40.940637424757035
90.0,87.0575,150.682,-40.94151111166973
90.0,87.0575,150.682,-40.9605072784819
90.0,87.0575,150.682,-40.96212185946228
90.0,87.0575,150.682,-40.91924313078485
90.0,87.0575,150.682,-40.930246140436196
90.0,88.6489,150.682,-40.98617891482181
90.0,88.6489,151.157,-40.92774096231771
90.0,88.6489,151.157,-40.91789715960946
90.0,88.6489,151.157,-40.93475234600124
90.0,88.6489,151.157,-41.00372772770109
90.0,88.6489,151.157,-40.958483000571235
90.0,88.6489,151.157,-40.94597009297415
90.0,88.6489,150.777,-40.919598482114296
90.0,88.6489,150.777,-40.9164140487097
89.7335,87.603,150.777,-40.9106191625391
89.7335,87.603,150.777,-40.90848994473484
89.7335,87.603,150.777,-40.94707032560923
89.7335,87.603,149.797,-40.9128688322141
89.7335,87.603,149.797,-40.93006215317936
89.7335,87.603,149.797,-40.86954614851554
89.7335,87.603,149.797,-40.873856461225046
89.7335,87.603,149.797,-40.94754734342325
89.7335,87.603,149.797,-40.93655192378672
90.0,88.394,149.977,-40.91659062943207
90.0,88.394,149.977,-40.95807077243461
90.0,88.394,149.977,-40.920539717884395
90.0,88.394,149.977,-40.8867055757656
90.0,88.394,149.977,-40.91508358286301
90.0,88.394,149.977,-40.87326527815406
90.0,88.394,150.043,-40.87438105868774
90.0,88.394,150.043,-40.89851426248205
90.0,88.394,150.043,-40.90575641441954
90.0,87.5576,150.043,-40.84426399638816
90.0,87.5576,150.043,-40.839081041786145
90.0,87.5576,150.043,-40.87853805243617
90.0,87.5576,149.547,-40.88961765268383
90.0,87.5576,149.547,-40.86078519246151
90.0,87.5576,149.547,-40.87360915916921
90.0,87.5576,149.547,-40.904227828427665
90.0,87.5576,149.547,-40.84199059798203
90.0,87.5576,149.547,-40.88391309590993
90.2702,87.5691,150.101,-40.84560509202529
90.2702,87.5691,150.101,-40.86582152267235
90.2702,87.5691,150.101,-40.86500583065819
90.2702,87.5691,150.101,-40.882569800238585
90.2702,87.5691,150.101,-40.916612580576086
90.2702,87.5691,150.101,-40.87821070375834
90.2702,87.5691,150.164,-40.929060635855635
90.2702,87.5691,150.164,-40.960529945488844
90.0,87.8789,150.164,-40.90866669046933
90.0,87.8789,150.164,-40.91640039083141
90.0,87.8789,150.164,-40.92554418944835
90.0,87.8789,150.224,-40.943248706034694
90.0,87.8789,150.224,-40.92514924999807
90.0,87.8789,150.224,-40.96722681828568
90.0,87.8789,150.224,-40.939971362701016
90.0,87.8789,150.224,-40.959654395133064
90.0,87.8789,150.224,-40.90819343705508
90.2715,88.6425,149.92,-40.990243418634655
90.2715,88.6425,149.92,-40.97251863063255
90.2715,88.6425,149.92,-40.93968986202748
90.2715,88.6425,149.92,-40.96150178148452
90.2715,88.6425,149.92,-40.88592324852607
90.2715,88.6425,149.92,-40.904796971673306
90.2715,88.6425,150.224,-40.91829436804757
90.2715,88.6425,150.224,-40.83506072271258
90.0,86.9872,150.224,-40.88063957057285
90.0,86.9872,150.224,-40.89159552770311
90.0,86.9872,150.224,-40.88104354615541
90.0,86.9872,150.224,-40.862039392160945
90.0,86.9872,150.224,-40.87434096290665
90.0,86.9872,150.224,-40.87840556270212
90.0,86.9872,150.224,-40.87840556270212
90.0,86.9872,150.224,-40.87521880701721
90.0,87.5691,150.224,-40.921679432959465
90.0,87.5691,149.865,-40.972824010281684
90.0,87.5691,149.865,-40.884038007215
90.0,87.5691,149.865,-40.90829811315238
90.0,87.5691,149.865,-40.94228094556811
90.0,87.5691,149.865,-40.92896573119664
90.0,87.5691,149.865,-40.9322607235535
90.0,87.5691,150.534,-40.952784719426475
90.0,87.5691,150.534,-40.938450299151555
90.0,88.1177,150.534,-40.95243943037785
90.0,88.1177,150.534,-40.94669503637058
90.0,88.1177,150.534,-40.92547380156974
90.0,88.1177,150.534,-40.90879767197633
90.0,88.1177,150.682,-40.973198599109836
90.0,88.1177,150.682,-40.940802239381526
90.0,88.1177,150.682,-40.96136772221027
90.0,88.1177,150.682,-40.94298907772499
90.0,88.1177,150.682,-41.00994033053346
89.4543,88.3634,150.682,-40.916498435838776
89.4543,88.3634,151.017,-40.95403428528353
89.4543,88.3634,151.017,-40.957301089149496
89.4543,88.3634,151.017,-40.877483565435824
89.4543,88.3634,151.017,-40.98526993078256
89.4543,88.3634,151.017,-40.94151209288804
89.4543,88.3634,150.224,-40.94550405167504
89.4543,88.3634,150.224,-40.89044913295255
89.7284,87.8286,150.224,-40.842871998133596
89.7284,87.8286,150.224,-40.85459463910766
89.7284,87.8286,150.224,-40.825580257619116
89.7284,87.8286,150.682,-40.9432094417781
89.7284,87.8286,150.682,-40.87241148909917
89.7284,87.8286,150.682,-40.8835964763714
89.7284,87.8286,150.682,-40.89577826340526
89.7284,87.8286,150.682,-40.76804977830284
90.2702,87.8389,150.802,-40.84086105606445
90.2702,87.8389,150.802,-40.854881738738904
90.2702,87.8389,150.802,-40.92907971487766
90.2702,87.8389,150.802,-40.850705516103076
90.2702,87.8389,150.802,-40.86951623074043
90.2702,87.8389,150.802,-40.853468545395486
90.2702,87.8389,149.977,-40.86209382607825
90.2702,87.8389,149.977,-40.9126105263164
90.2728,87.0015,149.977,-40.88952796898859
90.2728,87.0015,149.977,-40.90883467861967
90.2728,87.0015,149.977,-40.92528708369655
90.2728,87.0015,150.468,-40.883268746208046
90.2728,87.0015,150.468,-40.87308513787245
90.2728,87.0015,150.468,-40.85245761777002
90.2728,87.0015,150.468,-40.93554009008538
90.2728,87.0015,150.468,-40.898105258485096
89.4594,87.8389,150.468,-40.89755738949897
89.4594,87.8389,150.468,-40.92021748765501
89.4594,87.8389,150.468,-40.93178391320428
89.4594,87.8389,150.468,-40.83126174805561
89.4594,87.8389,150.468,-40.930414476031075
89.4594,87.8389,149.831,-40.87986655798592
89.4594,87.8389,149.831,-40.90750555877626
89.4594,87.8389,149.831,-40.90033338815982
90.269,88.1177,149.831,-40.833847790529305
90.269,88.1177,149.831,-40.879764015964525
90.269,88.1177,149.831,-40.8740603028036
90.269,88.1177,150.347,-40.947562573485364
90.269,88.1177,150.347,-40.80288984025209
90.269,88.1177,150.347,-40.83605898928491
90.269,88.1177,150.347,-40.844850284927
90.269,88.1177,150.347,-40.839755770169475
89.7322,88.1265,150.01,-40.85584512794577
89.7322,88.1265,150.01,-40.84831061513266
89.7322,88.1265,150.01,-40.81825825249045
89.7322,88.1265,150.01,-40.83370421403676
89.7322,88.1265,150.01,-40.92039422309312
89.7322,88.1265,150.01,-40.907338108792146
89.7322,88.1265,150.317,-40.872387345921474
89.7322,88.1265,150.317,-40.855760468107924
90.5329,88.1352,150.317,-40.94224169005996
90.5329,88.1352,150.317,-40.886304948483875
90.5329,88.1352,150.317,-40.81468978538942
90.5329,88.1352,151.189,-40.88578036186719
90.5329,88.1352,151.189,-40.84318422357215
90.5329,88.1352,151.189,-40.85346229547663
90.5329,88.1352,151.189,-40.83024641181947
90.5329,88.1352,151.189,-40.865406426208715
89.7297,88.1088,150.347,-40.89242787186472
89.7297,88.1088,150.347,-40.871552074623466
89.7297,88.1088,150.347,-40.87669274733881
89.7297,88.1088,150.347,-40.86767186016903
89.7297,88.1088,150.347,-40.84738874301341
89.7297,88.1088,150.347,-40.8538377873331
89.7297,88.1088,149.459,-40.851626650935145
89.7297,88.1088,149.459,-40.864188364012186
91.0708,87.8591,149.459,-40.85111728775693
91.0708,87.8591,149.459,-40.80387313364994
91.0708,87.8591,149.459,-40.89874549793749
91.0708,87.8591,150.01,-40.87161580064554
91.0708,87.8591,150.01,-40.87979787391141
91.0708,87.8591,150.01,-40.87577642921663
91.0708,87.8591,150.01,-40.865749685486065
91.0708,87.8591,150.01,-40.8993032341063
90.0,88.0999,150.043,-40.905322400878326
90.0,88.0999,150.043,-40.87424338195001
90.0,88.0999,150.043,-40.90412762802244
90.0,88.0999,150.043,-40.91061526548717
90.0,88.0999,150.043,-40.87791335522316
90.0,88.0999,150.043,-40.84728264424864
90.0,88.0999,149.459,-40.86938980628899
90.0,88.0999,149.459,-40.94913450483873
90.0,88.0999,149.459,-40.8532512458044
90.2677,88.6615,149.459,-40.85278158892301
90.2677,88.6615,149.459,-40.89795711333352
90.2677,88.6615,149.459,-40.89979592824712
90.2677,88.6615,150.347,-40.92073306749862
90.2677,88.6615,150.347,-40.91900201608362
90.2677,88.6615,150.347,-40.915363493067076
90.2677,88.6615,150.347,-40.89786385733814
90.2677,87.5917,149.977,-40.91602140184179
90.2677,87.5917,149.977,-40.9177751741377
90.2677,87.5917,149.977,-40.88714451579341
90.2677,87.5917,149.977,-40.9515256781496
90.2677,87.5917,149.977,-40.89941158315152
90.2677,87.5917,149.977,-40.89668618702195
90.2677,87.5917,150.347,-40.89668618702195
90.2677,87.5917,150.347,-40.92659721098279
90.0,88.6678,150.347,-40.8882444831343
90.0,88.6678,150.347,-40.92739227939588
90.0,88.6678,150.347,-40.97663466070945
90.0,88.6678,149.797,-40.93389715878806
90.0,88.6678,149.797,-40.91384419734129
90.0,88.6678,149.797,-40.929038621703604
90.0,88.6678,149.797,-40.91336891710427
90.0,88.6678,149.797,-40.90594813376338
90.269,87.5805,149.953,-40.827823572659156
90.269,87.5805,149.953,-40.848493572402006
90.269,87.5805,149.953,-40.90210028250361
90.269,87.5805,149.953,-40.918053306013206
90.269,87.5805,149.953,-40.87521880701721
90.269,87.5805,149.953,-40.878250351767946
90.269,87.5805,150.44,-40.874826001779006
90.269,87.5805,150.44,-40.872549590655176
90.5457,87.5459,150.44,-40.872549590655176
90.5457,87.5459,150.44,-40.89232891350423
90.5457,87.5459,150.44,-40.93098216741895
90.5457,87.5459,150.133,-40.93161895097051
90.5457,87.5459,150.133,-40.87169014885316
90.5457,87.5459,150.133,-40.87797040588409
90.5457,87.5459,150.133,-40.866579501504
90.5457,87.5459,150.133,-40.85147479679406
90.2677,88.1265,150.133,-40.85147479679406
90.2677,88.1265,149.411,-40.85147479679406
90.2677,88.1265,149.411,-40.85147479679406
90.2677,88.1265,149.411,-40.89466959166942
90.2677,88.1265,149.411,-40.937441454160954
90.2677,88.1265,149.411,-40.853832017686386
90.2677,88.1265,150.534,-40.84973798234918
90.2677,88.1265,150.534,-40.88191790701675
89.7335,87.603,150.534,-40.87708088761595
89.7335,87.603,150.534,-40.81046632954737
89.7335,87.603,150.534,-40.88152497930585
89.7335,87.603,150.682,-40.79110291276291
89.7335,87.603,150.682,-40.837992496534845
89.7335,87.603,150.682,-40.796543474831495
89.7335,87.603,150.682,-40.80705931664518
89.7335,87.603,150.682,-40.825950002319836
90.2702,87.8389,150.682,-40.83683956856031
90.2702,87.8389,149.977,-40.829682173053534
90.2702,87.8389,149.977,-40.84499710934259
90.2702,87.8389,149.977,-40.89186325737248
90.2702,87.8389,149.977,-40.835462874451096
90.2702,87.8389,149.977,-40.889747576132585
90.2702,87.8389,149.886,-40.84254013333722
90.2702,87.8389,149.886,-40.834208188435966
89.462,88.1177,149.886,-40.890153369542546
89.462,88.1177,149.886,-40.90113241172391
89.462,88.1177,149.886,-40.87225938932038
89.462,88.1177,150.347,-40.86325588800558
89.462,88.1177,150.347,-40.924332113093
89.462,88.1177,150.347,-40.871783810095195
89.462,88.1177,150.347,-40.8944696337257
89.462,88.1177,150.347,-40.90694336127026
89.462,88.1177,150.347,-40.90455957636366
89.731,88.3864,150.897,-40.887623233858605
89.731,88.3864,150.897,-40.900699832055494
89.731,88.3864,150.897,-40.88856192639035
89.731,88.3864,150.897,-40.89241137864805
89.731,88.3864,150.897,-40.90662213822487
89.731,88.3864,150.101,-40.856533050313416
89.731,88.3864,150.101,-40.91754877818282
89.731,88.3864,150.101,-40.9128064474958
90.0,87.5805,150.101,-40.8212350118591
90.0,87.5805,150.101,-40.80897091181758
90.0,87.5805,150.101,-40.817855783306634
90.0,87.5805,150.317,-40.82772320792964
90.0,87.5805,150.317,-40.84878363069275
90.0,87.5805,150.317,-40.834380979446706
90.0,87.5805,150.317,-40.85465138426351
90.0,87.5805,150.317,-40.87710457351304
90.0,87.5805,150.317,-40.88033770197468
90.0,87.8591,149.831,-40.8515680230742
90.0,87.8591,149.831,-40.852730155686984
90.0,87.8591,149.831,-40.87361205715864
90.0,87.8591,149.831,-40.882090187026385
90.0,87.8591,149.831,-40.88179112103805
90.0,87.8591,149.831,-40.88672737637563
90.0,87.8591,150.44,-40.910986475381065
90.0,87.8591,150.44,-40.88779331745436
90.0,87.8591,150.44,-40.896106453460064
90.0,87.2475,150.44,-40.90020509150419
90.0,87.2475,150.44,-40.879818188806226
90.0,87.2475,150.44,-40.91456233476226
90.0,87.2475,150.224,-40.883650697039684
90.0,87.2475,150.224,-40.87010545583216
90.0,87.2475,150.224,-40.83183623794674
90.0,87.2475,150.224,-40.816227689726254
90.0,87.2475,150.224,-40.888873576463176
90.0,87.2475,150.224,-40.82561703959665
90.0,87.3246,150.44,-40.88301945548123
90.0,87.3246,150.44,-40.89730776289911
90.0,87.3246,150.44,-40.8660732032627
90.0,87.3246,150.44,-40.81993672215916
90.0,87.3246,150.44,-40.838901355524925
90.0,87.3246,150.44,-40.879313246737574
90.0,87.3246,150.44,-40.7855238521011
90.0,87.3246,150.01,-40.76258403781024
90.0,87.3246,150.01,-40.811461338877976
90.0,87.3246,150.01,-40.802490693318376
89.7322,87.3246,150.01,-40.754379036554205
89.7322,87.3246,150.01,-40.82604841512836
89.7322,87.3246,150.01,-40.82408965545669
89.7322,87.3246,150.101,-40.85021739864813
89.7322,87.3246,150.101,-40.841800242874776
89.7322,87.3246,150.101,-40.80041097115033
89.7322,87.3246,150.101,-40.87643561746588
89.7322,87.3246,150.101,-40.830996293385724
90.2728,89.4543,149.943,-40.83364439189907
90.2728,89.4543,149.943,-40.86912442341949
90.2728,89.4543,149.943,-40.83027558208749
90.2728,89.4543,149.943,-40.83485966080701
90.2728,89.4543,149.943,-40.83968484208508
90.2728,89.4543,150.317,-40.8307896804397
90.2728,89.4543,150.317,-40.82645689989477
90.2728,89.4543,150.317,-40.849844141115916
90.0,86.5237,150.317,-40.86045773450772
90.0,86.5237,150.317,-40.81043110373024
90.0,86.5237,150.317,-40.87162931840681
90.0,86.5237,150.101,-40.90289719990811
90.0,86.5237,150.101,-40.874931809288036
90.0,86.5237,150.101,-40.87605575043781
90.0,86.5237,150.101,-40.882475906096104
90.0,86.5237,150.101,-40.86544643958704
90.0,86.5237,150.101,-40.88558614042152
90.0,88.9241,150.468,-40.83901108305133
90.0,88.9241,150.468,-40.86607031029949
90.0,88.9241,150.468,-40.88394940696543
90.0,88.9241,150.468,-40.88800556786516
90.0,88.9241,150.468,-40.84549231848419
90.0,88.9241,150.468,-40.879490259975164
90.0,88.9241,149.852,-40.850789116524105
90.0,88.9241,149.852,-40.86220510461624
90.0,88.9241,149.852,-40.823011544446686
90.2702,86.7603,149.852,-40.862121284153815
90.2702,86.7603,149.852,-40.788835850957824
90.2702,86.7603,149.852,-40.81546367351331
90.2702,86.7603,150.656,-40.87387385018074
90.2702,86.7603,150.656,-40.857135432662034
90.2702,86.7603,150.656,-40.87087238856441
90.2702,86.7603,150.656,-40.83946823105223
90.2702,86.7603,150.656,-40.83474572985895
90.2677,88.394,149.797,-40.829991060788686
90.2677,88.394,149.797,-40.83387842079537
90.2677,88.394,149.797,-40.80007948573119
90.2677,88.394,149.797,-40.83791393252268
90.2677,88.394,149.797,-40.791393902516376
90.2677,88.394,150.656,-40.82516325776403
90.2677,88.394,150.656,-40.82630305667727
90.2677,88.394,150.656,-40.77749936236299
90.269,87.5805,150.656,-40.82027592909042
90.269,87.5805,150.656,-40.81579061596486
90.269,87.5805,150.656,-40.85882659126944
90.269,87.5805,150.133,-40.89625599206457
90.269,87.5805,150.133,-40.96313448235197
90.269,87.5805,150.133,-40.85052342650311
90.269,87.5805,150.133,-40.87256021403369
90.269,87.5805,150.133,-40.919145511884174
89.7322,87.8591,150.629,-40.94446607409508
89.7322,87.8591,150.629,-40.857397196720726
89.7322,87.8591,150.629,-40.837947465768664
