R_N/Lon,R_E/Lat,R_D/Hgt,PosType,PowerRx,XZ,YZ,MAG
-74.0890262,4.6359893,2578810,absPos,-60.187613379355724,89.4594,93.7782,316.356
-74.0890262,4.6359893,2578810,absPos,-59.86549373638663,89.4594,93.7782,316.356
-2.2112,2.0214,0.40950000000000003,relPos,-59.81224453858302,89.4594,93.7782,316.356
-2.2112,2.0214,0.40950000000000003,relPos,-59.88809039683072,89.4594,93.7782,316.356
-2.2112,2.0214,0.40950000000000003,relPos,-60.106078201684134,89.4594,93.7782,316.356
-2.2112,2.0214,0.40950000000000003,relPos,-59.96562760122024,89.7347,93.9725,316.678
-2.2112,2.0214,0.40950000000000003,relPos,-60.171803750764724,89.7347,93.9725,316.678
-2.2112,2.0214,0.40950000000000003,relPos,-59.891835556853906,89.7347,93.9725,316.678
-2.2112,2.0214,0.40950000000000003,relPos,-60.09737394471685,89.7347,93.9725,316.678
-2.2112,2.0214,0.40950000000000003,relPos,-60.13978563610806,89.7347,93.9725,316.678
-2.2112,2.0214,0.40950000000000003,relPos,-60.237788228324085,89.7347,93.9725,316.678
-74.0890262,4.6359893,2578809,absPos,-60.14619484951485,89.7347,93.9725,316.697
-74.0890262,4.6359893,2578809,absPos,-60.15625650971987,89.7347,93.9725,316.697
-74.0890262,4.6359893,2578809,absPos,-59.96716598192008,89.462,93.4926,316.697
-74.0890262,4.6359893,2578809,absPos,-60.19951849996663,89.462,93.4926,316.697
-74.0890262,4.6359893,2578809,absPos,-60.103225299425,89.462,93.4926,316.697
-74.0890262,4.6359893,2578809,absPos,-60.01503210406199,89.462,93.4926,316.268
-74.0890262,4.6359893,2578809,absPos,-60.19472355305727,89.462,93.4926,316.268
-74.0890262,4.6359893,2578809,absPos,-60.18932528377001,89.462,93.4926,316.268
-2.2094,2.0193,0.41090000000000004,relPos,-60.150680895235865,89.462,93.4926,316.268
-2.2094,2.0193,0.41090000000000004,relPos,-60.12923299245728,89.462,93.4926,316.268
-2.2094,2.0193,0.41090000000000004,relPos,-60.1001421633221,89.1854,94.3364,317.098
-2.2094,2.0193,0.41090000000000004,relPos,-59.96363898623631,89.1854,94.3364,317.098
-2.2094,2.0193,0.41090000000000004,relPos,-60.16902061113771,89.1854,94.3364,317.098
-2.2094,2.0193,0.41090000000000004,relPos,-60.034916515173165,89.1854,94.3364,317.098
-2.2094,2.0193,0.41090000000000004,relPos,-60.02230206629701,89.1854,94.3364,317.098
-2.2094,2.0193,0.41090000000000004,relPos,-60.14730818523179,89.1854,94.3364,317.098
-2.2094,2.0193,0.41090000000000004,relPos,-60.15031287077737,89.1854,94.3364,316.997
-2.2094,2.0193,0.41090000000000004,relPos,-59.91622605295934,89.1854,94.3364,316.997
-74.0890261,4.6359893,2578809,absPos,-60.033035536390464,88.6489,94.0472,316.997
-74.0890261,4.6359893,2578809,absPos,-60.13033149430051,88.6489,94.0472,316.997
-74.0890261,4.6359893,2578809,absPos,-60.22451946516222,88.6489,94.0472,316.997
-74.0890261,4.6359893,2578809,absPos,-60.09159097372386,88.6489,94.0472,316.685
-74.0890261,4.6359893,2578809,absPos,-60.15231725652108,88.6489,94.0472,316.685
-74.0890261,4.6359893,2578809,absPos,-59.92755504117865,88.6489,94.0472,316.685
-2.2109,2.0269,0.4104,relPos,-60.12355954640253,88.6489,94.0472,316.685
-2.2109,2.0269,0.4104,relPos,-59.73902979649648,88.6489,94.0472,316.685
-2.2109,2.0269,0.4104,relPos,-59.94158236004254,89.4594,93.7782,316.989
-2.2109,2.0269,0.4104,relPos,-60.10653357501862,89.4594,93.7782,316.989
-2.2109,2.0269,0.4104,relPos,-60.05719338175885,89.4594,93.7782,316.989
-2.2109,2.0269,0.4104,relPos,-60.008635634183975,89.4594,93.7782,316.989
-2.2109,2.0269,0.4104,relPos,-60.163766650651674,89.4594,93.7782,316.989
-2.2109,2.0269,0.4104,relPos,-60.0315631691636,89.4594,93.7782,316.989
-2.2109,2.0269,0.4104,relPos,-60.05546306760655,89.4594,93.7782,316.989
-2.2109,2.0269,0.4104,relPos,-60.05546306760655,89.4594,93.7782,316.989
-74.0890263,4.6359893,2578802,absPos,-60.025142012894825,89.462,93.7605,316.989
-74.0890263,4.6359893,2578802,absPos,-60.12732089495785,89.462,93.7605,316.989
-74.0890263,4.6359893,2578802,absPos,-60.07118498650016,89.462,93.7605,316.989
-74.0890263,4.6359893,2578802,absPos,-60.25215482024641,89.462,93.7605,316.356
-74.0890263,4.6359893,2578802,absPos,-60.269972694697806,89.462,93.7605,316.356
-74.0890263,4.6359893,2578802,absPos,-60.04401505077355,89.462,93.7605,316.356
-74.0890263,4.6359893,2578802,absPos,-60.03150348912756,89.462,93.7605,316.356
-74.0890263,4.6359893,2578802,absPos,-60.07860965342118,89.462,93.7605,316.356
-2.21,2.0063999999999997,0.4175,relPos,-60.17628581103868,89.1854,93.796,317.24
-2.21,2.0063999999999997,0.4175,relPos,-60.1115363371828,89.1854,93.796,317.24
-2.21,2.0063999999999997,0.4175,relPos,-59.984607585328895,89.1854,93.796,317.24
-2.21,2.0063999999999997,0.4175,relPos,-60.12283826832518,89.1854,93.796,317.24
-2.21,2.0063999999999997,0.4175,relPos,-59.998859878118544,89.1854,93.796,317.24
-2.21,2.0063999999999997,0.4175,relPos,-60.29994201319873,89.1854,93.796,317.24
-2.21,2.0063999999999997,0.4175,relPos,-60.13795011588107,89.1854,93.796,316.582
-2.21,2.0063999999999997,0.4175,relPos,-60.200366376448144,89.1854,93.796,316.582
-2.21,2.0063999999999997,0.4175,relPos,-59.97367859383908,89.1854,93.796,316.582
-2.21,2.0063999999999997,0.4175,relPos,-59.83609550163958,89.7297,93.7782,316.582
-74.0890263,4.6359893,2578799,absPos,-60.10846722982755,89.7297,93.7782,316.582
-74.0890263,4.6359893,2578799,absPos,-60.240062989429795,89.7297,93.7782,316.582
-74.0890263,4.6359893,2578799,absPos,-60.115875146129,89.7297,93.7782,316.48
-74.0890263,4.6359893,2578799,absPos,-60.1108271829345,89.7297,93.7782,316.48
-74.0890263,4.6359893,2578799,absPos,-59.93414464259934,89.7297,93.7782,316.48
-74.0890263,4.6359893,2578799,absPos,-60.32350712028659,89.7297,93.7782,316.48
-74.0890263,4.6359893,2578799,absPos,-60.14087692918031,89.7297,93.7782,316.48
-2.2058,2.0048,0.42100000000000004,relPos,-60.13359939113176,89.731,93.7605,316.571
-2.2058,2.0048,0.42100000000000004,relPos,-59.85039318218369,89.731,93.7605,316.571
-2.2058,2.0048,0.42100000000000004,relPos,-60.16463866437941,89.731,93.7605,316.571
-2.2058,2.0048,0.42100000000000004,relPos,-60.11224560724696,89.731,93.7605,316.571
-2.2058,2.0048,0.42100000000000004,relPos,-60.0893422460322,89.731,93.7605,316.571
-2.2058,2.0048,0.42100000000000004,relPos,-59.931937377751325,89.731,93.7605,316.571
-2.2058,2.0048,0.42100000000000004,relPos,-60.046170562293135,89.731,93.7605,316.382
-2.2058,2.0048,0.42100000000000004,relPos,-59.94170901798089,89.731,93.7605,316.382
-2.2058,2.0048,0.42100000000000004,relPos,-60.00058846030691,89.2006,93.9909,316.382
-2.2058,2.0048,0.42100000000000004,relPos,-60.11881756105413,89.2006,93.9909,316.382
-74.0890263,4.6359893,2578800,absPos,-59.9893138552575,89.2006,93.9909,316.382
-74.0890263,4.6359893,2578800,absPos,-60.13702229611692,89.2006,93.9909,316.463
-74.0890263,4.6359893,2578800,absPos,-60.092418352332864,89.2006,93.9909,316.463
-74.0890263,4.6359893,2578800,absPos,-60.132123077543866,89.2006,93.9909,316.463
-74.0890263,4.6359893,2578800,absPos,-60.027774802784215,89.2006,93.9909,316.463
-74.0890263,4.6359893,2578800,absPos,-60.246789254887986,89.1892,93.7782,316.469
-74.0890263,4.6359893,2578800,absPos,-59.89780234820753,89.1892,93.7782,316.469
-74.0890263,4.6359893,2578800,absPos,-60.26461656955419,89.1892,93.7782,316.469
-2.2095,2.0059,0.4192,relPos,-59.94610566745365,89.1892,93.7782,316.469
-2.2095,2.0059,0.4192,relPos,-60.05013484337255,89.1892,93.7782,316.469
-2.2095,2.0059,0.4192,relPos,-60.19390807676834,89.1892,93.7782,316.469
-2.2095,2.0059,0.4192,relPos,-60.0560932160338,89.1892,93.7782,316.469
-2.2095,2.0059,0.4192,relPos,-60.09449647684032,89.1892,93.7782,316.469
-2.2095,2.0059,0.4192,relPos,-60.19842270975167,89.4695,93.7084,316.469
-2.2095,2.0059,0.4192,relPos,-60.248294944419776,89.4695,93.7084,316.469
-2.2095,2.0059,0.4192,relPos,-60.04614093351819,89.4695,93.7084,316.469
-2.2095,2.0059,0.4192,relPos,-60.1040043271595,89.4695,93.7084,316.474
-2.2095,2.0059,0.4192,relPos,-60.17951612123389,89.4695,93.7084,316.474
-74.0890263,4.6359893,2578802,absPos,-60.345414831062655,89.4695,93.7084,316.474
-74.0890263,4.6359893,2578802,absPos,-60.263451442942035,89.4695,93.7084,316.474
-74.0890263,4.6359893,2578802,absPos,-60.04925555590888,89.4695,93.7084,316.474
-74.0890263,4.6359893,2578802,absPos,-60.071837812939386,89.1968,94.0095,317.011
-74.0890263,4.6359893,2578802,absPos,-60.276693186848405,89.1968,94.0095,317.011
-74.0890263,4.6359893,2578802,absPos,-59.74269536554739,89.1968,94.0095,317.011
-2.2116,2.0046,0.418,relPos,-59.74269536554739,89.1968,94.0095,317.011
-2.2116,2.0046,0.418,relPos,-59.74269536554739,89.1968,94.0095,316.577
-2.2116,2.0046,0.418,relPos,-59.894071314881465,89.1968,94.0095,316.577
-2.2116,2.0046,0.418,relPos,-59.792607706640915,89.1968,94.0095,316.577
-2.2116,2.0046,0.418,relPos,-59.916710382902124,89.2006,93.9909,316.577
-2.2116,2.0046,0.418,relPos,-60.09117750108702,89.2006,93.9909,316.577
-2.2116,2.0046,0.418,relPos,-59.94993080441812,89.2006,93.9909,316.577
-2.2116,2.0046,0.418,relPos,-59.78724431463995,89.2006,93.9909,316.672
-74.0890264,4.6359893,2578800,absPos,-60.16324371868887,89.2006,93.9909,316.672
-74.0890264,4.6359893,2578800,absPos,-60.03779491958475,89.2006,93.9909,316.672
-74.0890264,4.6359893,2578800,absPos,-59.940267284374244,89.2006,93.9909,316.672
-74.0890264,4.6359893,2578800,absPos,-60.25689839001876,89.2006,93.9909,316.672
-74.0890264,4.6359893,2578800,absPos,-60.02642312530816,89.1968,94.0095,316.685
-74.0890264,4.6359893,2578800,absPos,-59.91595515445284,89.1968,94.0095,316.685
-2.2081999999999997,2.0021,0.4193,relPos,-60.141264557201524,89.1968,94.0095,316.685
-2.2081999999999997,2.0021,0.4193,relPos,-60.242181998308425,89.1968,94.0095,316.685
-2.2081999999999997,2.0021,0.4193,relPos,-60.227244763108985,89.1968,94.0095,316.685
-2.2081999999999997,2.0021,0.4193,relPos,-60.08687335824061,89.1968,94.0095,317.105
-2.2081999999999997,2.0021,0.4193,relPos,-60.19059417844963,89.1968,94.0095,317.105
-2.2081999999999997,2.0021,0.4193,relPos,-60.249225603302,89.1968,94.0095,317.105
-2.2081999999999997,2.0021,0.4193,relPos,-60.01503210406199,88.9292,93.743,317.105
-2.2081999999999997,2.0021,0.4193,relPos,-60.22514342823493,88.9292,93.743,317.105
-2.2081999999999997,2.0021,0.4193,relPos,-60.28226412069109,88.9292,93.743,317.105
-2.2081999999999997,2.0021,0.4193,relPos,-60.08128544262063,88.9292,93.743,316.371
-74.0890265,4.6359893,2578797,absPos,-60.19247305546517,88.9292,93.743,316.371
-74.0890265,4.6359893,2578797,absPos,-59.98708791725501,88.9292,93.743,316.371
-74.0890265,4.6359893,2578797,absPos,-60.015091558178085,88.9292,93.743,316.371
-74.0890265,4.6359893,2578797,absPos,-59.91793143677843,88.9292,93.743,316.371
-74.0890265,4.6359893,2578797,absPos,-60.08419443966865,88.9241,93.7605,316.678
-74.0890265,4.6359893,2578797,absPos,-60.063973411422495,88.9241,93.7605,316.678
-74.0890265,4.6359893,2578797,absPos,-60.288043349940494,88.9241,93.7605,316.678
-2.206,1.9890999999999999,0.4226,relPos,-60.152920382862874,88.9241,93.7605,316.678
-2.206,1.9890999999999999,0.4226,relPos,-60.125205728101,88.9241,93.7605,316.678
-2.206,1.9890999999999999,0.4226,relPos,-60.04522254173984,88.9241,93.7605,317.307
-2.206,1.9890999999999999,0.4226,relPos,-59.905738433185675,88.9241,93.7605,317.307
-2.206,1.9890999999999999,0.4226,relPos,-59.89333837969235,88.9241,93.7605,317.307
-2.206,1.9890999999999999,0.4226,relPos,-60.19231790283602,89.731,93.4926,317.307
-2.206,1.9890999999999999,0.4226,relPos,-60.22874336539165,89.731,93.4926,317.307
-2.206,1.9890999999999999,0.4226,relPos,-59.93882602922312,89.731,93.4926,317.307
-2.206,1.9890999999999999,0.4226,relPos,-59.98247287846712,89.731,93.4926,316.371
-74.0890265,4.6359893,2578792,absPos,-60.02714906013239,89.731,93.4926,316.371
-74.0890265,4.6359893,2578792,absPos,-59.93223874426445,89.731,93.4926,316.371
-74.0890265,4.6359893,2578792,absPos,-60.201452636922255,89.731,93.4926,316.371
-74.0890265,4.6359893,2578792,absPos,-60.01526001592721,89.731,93.4926,316.371
-74.0890265,4.6359893,2578792,absPos,-59.97123502815641,89.4594,93.7782,316.678
-74.0890265,4.6359893,2578792,absPos,-59.97927708390926,89.4594,93.7782,316.678
-74.0890265,4.6359893,2578792,absPos,-59.88469462548876,89.4594,93.7782,316.678
-74.0890265,4.6359893,2578792,absPos,-60.25551571814609,89.4594,93.7782,316.678
-74.0890265,4.6359893,2578792,absPos,-60.09233765628213,89.4594,93.7782,316.678
-2.2053,1.9874,0.42719999999999997,relPos,-60.123701784388956,89.4594,93.7782,316.678
-2.2053,1.9874,0.42719999999999997,relPos,-60.2695418863808,89.4594,93.7782,316.48
-2.2053,1.9874,0.42719999999999997,relPos,-60.19716185937935,89.4594,93.7782,316.48
-2.2053,1.9874,0.42719999999999997,relPos,-60.196107663836216,88.6678,93.9909,316.48
-2.2053,1.9874,0.42719999999999997,relPos,-60.008872796291215,88.6678,93.9909,316.48
-2.2053,1.9874,0.42719999999999997,relPos,-59.946164185421566,88.6678,93.9909,316.48
-2.2053,1.9874,0.42719999999999997,relPos,-60.05737379926992,88.6678,93.9909,316.565
-2.2053,1.9874,0.42719999999999997,relPos,-60.191378396282566,88.6678,93.9909,316.565
-2.2053,1.9874,0.42719999999999997,relPos,-60.23709987274999,88.6678,93.9909,316.565
-74.0890265,4.6359893,2578790,absPos,-60.044843391455025,88.6678,93.9909,316.565
-74.0890265,4.6359893,2578790,absPos,-60.115479319801814,88.6678,93.9909,316.565
-74.0890265,4.6359893,2578790,absPos,-60.092882383724714,89.731,94.0283,316.793
-74.0890265,4.6359893,2578790,absPos,-59.90214539682313,89.731,94.0283,316.793
-74.0890265,4.6359893,2578790,absPos,-59.84512950981582,89.731,94.0283,316.793
-74.0890265,4.6359893,2578790,absPos,-60.372660238651406,89.731,94.0283,316.793
-74.0890265,4.6359893,2578790,absPos,-60.04621048348851,89.731,94.0283,316.793
-74.0890265,4.6359893,2578790,absPos,-60.194651583615354,89.731,94.0283,316.793
-2.2088,1.9867,0.42950000000000005,relPos,-60.16025088856435,89.731,94.0283,315.943
-2.2088,1.9867,0.42950000000000005,relPos,-59.97545578751697,89.731,94.0283,315.943
-2.2088,1.9867,0.42950000000000005,relPos,-60.08027911726306,88.6615,93.743,315.943
-2.2088,1.9867,0.42950000000000005,relPos,-60.12651734060945,88.6615,93.743,315.943
-2.2088,1.9867,0.42950000000000005,relPos,-60.308044212413364,88.6615,93.743,315.943
-2.2088,1.9867,0.42950000000000005,relPos,-60.07892168628029,88.6615,93.743,316.161
-2.2088,1.9867,0.42950000000000005,relPos,-60.169174612837246,88.6615,93.743,316.161
-2.2088,1.9867,0.42950000000000005,relPos,-60.332645115947074,88.6615,93.743,316.161
-2.2088,1.9867,0.42950000000000005,relPos,-60.1123570745036,88.6615,93.743,316.161
-74.0890265,4.6359893,2578792,absPos,-60.0596757965393,88.6615,93.743,316.161
-74.0890265,4.6359893,2578792,absPos,-60.017401299244035,88.6615,93.743,316.161
-74.0890265,4.6359893,2578792,absPos,-60.12408788240785,88.919,93.7782,316.678
-74.0890265,4.6359893,2578792,absPos,-60.00864491016383,88.919,93.7782,316.678
-74.0890265,4.6359893,2578792,absPos,-59.83120083782037,88.919,93.7782,316.678
-74.0890265,4.6359893,2578792,absPos,-60.11860412849893,88.919,93.7782,316.678
-74.0890265,4.6359893,2578792,absPos,-60.04645001836728,88.919,93.7782,316.678
-74.0890265,4.6359893,2578792,absPos,-59.95563558397726,88.919,93.7782,317.425
-2.2106,1.9868999999999999,0.4277,relPos,-60.06714128105707,88.919,93.7782,317.425
-2.2106,1.9868999999999999,0.4277,relPos,-59.98783623198253,88.919,93.7782,317.425
-2.2106,1.9868999999999999,0.4277,relPos,-59.9505848756979,88.9241,94.0283,317.425
-2.2106,1.9868999999999999,0.4277,relPos,-59.79943869420105,88.9241,94.0283,317.425
-2.2106,1.9868999999999999,0.4277,relPos,-60.212804965462695,88.9241,94.0283,317.425
-2.2106,1.9868999999999999,0.4277,relPos,-60.17721145050891,88.9241,94.0283,316.888
-2.2106,1.9868999999999999,0.4277,relPos,-60.18873738509391,88.9241,94.0283,316.888
-2.2106,1.9868999999999999,0.4277,relPos,-60.14827875653157,88.9241,94.0283,316.888
-2.2106,1.9868999999999999,0.4277,relPos,-60.05223342960753,88.9241,94.0283,316.888
-74.0890265,4.6359893,2578789,absPos,-60.04154188051645,88.9241,94.0283,316.888
-74.0890265,4.6359893,2578789,absPos,-60.13300880547338,89.1968,94.2758,316.582
-74.0890265,4.6359893,2578789,absPos,-60.06705102494573,89.1968,94.2758,316.582
-74.0890265,4.6359893,2578789,absPos,-60.1853559349221,89.1968,94.2758,316.582
-74.0890265,4.6359893,2578789,absPos,-60.052373038268485,89.1968,94.2758,316.582
-74.0890265,4.6359893,2578789,absPos,-60.317479015964615,89.1968,94.2758,316.582
-74.0890265,4.6359893,2578789,absPos,-60.104449367987016,89.1968,94.2758,316.989
-74.0890265,4.6359893,2578789,absPos,-60.03882102626357,89.1968,94.2758,316.989
-74.0890265,4.6359893,2578789,absPos,-59.97892360795695,89.1968,94.2758,316.989
-74.0890265,4.6359893,2578789,absPos,-60.019384623765504,89.4594,94.0472,316.989
-2.2085,1.983,0.43079999999999996,relPos,-60.0295842186443,89.4594,94.0472,316.989
-2.2085,1.983,0.43079999999999996,relPos,-60.1329171700688,89.4594,94.0472,316.989
-2.2085,1.983,0.43079999999999996,relPos,-60.19049100243404,89.4594,94.0472,316.8
-2.2085,1.983,0.43079999999999996,relPos,-59.86277569354441,89.4594,94.0472,316.8
-2.2085,1.983,0.43079999999999996,relPos,-60.14002018998764,89.4594,94.0472,316.8
-2.2085,1.983,0.43079999999999996,relPos,-60.10935858882419,89.4594,94.0472,316.8
-2.2085,1.983,0.43079999999999996,relPos,-60.07627750153766,89.4594,94.0472,316.8
-2.2085,1.983,0.43079999999999996,relPos,-60.183357169283596,88.6552,93.4926,316.989
-2.2085,1.983,0.43079999999999996,relPos,-60.17616240734747,88.6552,93.4926,316.989
-2.2085,1.983,0.43079999999999996,relPos,-60.00126996131844,88.6552,93.4926,316.989
-74.0890267,4.6359893,2578784,absPos,-60.01540866054419,88.6552,93.4926,316.989
-74.0890267,4.6359893,2578784,absPos,-60.20144197014601,88.6552,93.4926,316.989
-74.0890267,4.6359893,2578784,absPos,-60.241535029891374,88.6552,93.4926,316.989
-74.0890267,4.6359893,2578784,absPos,-60.12142653543815,88.6552,93.4926,316.48
-74.0890267,4.6359893,2578784,absPos,-60.05280282375129,88.6552,93.4926,316.48
-74.0890267,4.6359893,2578784,absPos,-60.12135545311178,89.7297,94.0472,316.48
-2.2096999999999998,1.9683000000000002,0.4357,relPos,-60.28229606358495,89.7297,94.0472,316.48
-2.2096999999999998,1.9683000000000002,0.4357,relPos,-60.21287756045437,89.7297,94.0472,316.48
-2.2096999999999998,1.9683000000000002,0.4357,relPos,-60.12982306484105,89.7297,94.0472,316.588
-2.2096999999999998,1.9683000000000002,0.4357,relPos,-60.05724341012702,89.7297,94.0472,316.588
-2.2096999999999998,1.9683000000000002,0.4357,relPos,-59.9831613789447,89.7297,94.0472,316.588
-2.2096999999999998,1.9683000000000002,0.4357,relPos,-59.82131401085802,89.7297,94.0472,316.588
-2.2096999999999998,1.9683000000000002,0.4357,relPos,-60.05482301043074,89.7297,94.0472,316.588
-2.2096999999999998,1.9683000000000002,0.4357,relPos,-59.96945006139718,89.1892,94.0472,316.366
-2.2096999999999998,1.9683000000000002,0.4357,relPos,-60.18145134287633,89.1892,94.0472,316.366
-2.2096999999999998,1.9683000000000002,0.4357,relPos,-59.99358150218919,89.1892,94.0472,316.366
-74.0890268,4.6359894,2578780,absPos,-60.12388466864549,89.1892,94.0472,316.366
-74.0890268,4.6359894,2578780,absPos,-60.33834237439686,89.1892,94.0472,316.366
-74.0890268,4.6359894,2578780,absPos,-60.12623236713105,89.1892,94.0472,316.366
-74.0890268,4.6359894,2578780,absPos,-60.21167439027196,89.1892,94.0472,316.787
-74.0890268,4.6359894,2578780,absPos,-60.21572008963012,89.1892,94.0472,316.787
-74.0890268,4.6359894,2578780,absPos,-60.21983188537238,89.7297,93.7782,316.787
-74.0890268,4.6359894,2578780,absPos,-59.96314939468296,89.7297,93.7782,316.787
-2.2015000000000002,1.9587,0.44,relPos,-60.02589722437878,89.7297,93.7782,316.787
-2.2015000000000002,1.9587,0.44,relPos,-59.94405803516485,89.7297,93.7782,317.098
-2.2015000000000002,1.9587,0.44,relPos,-60.052303389538835,89.7297,93.7782,317.098
-2.2015000000000002,1.9587,0.44,relPos,-60.14208072930022,89.7297,93.7782,317.098
-2.2015000000000002,1.9587,0.44,relPos,-60.03907011785036,89.7297,93.7782,317.098
-2.2015000000000002,1.9587,0.44,relPos,-60.11841131880435,89.7297,93.7782,317.098
-2.2015000000000002,1.9587,0.44,relPos,-60.13612556021502,89.4569,94.0663,316.259
-2.2015000000000002,1.9587,0.44,relPos,-60.13029111029745,89.4569,94.0663,316.259
-2.2015000000000002,1.9587,0.44,relPos,-60.030677999426004,89.4569,94.0663,316.259
-2.2015000000000002,1.9587,0.44,relPos,-59.70458245660573,89.4569,94.0663,316.259
-74.0890267,4.6359893,2578776,absPos,-60.15255216858761,89.4569,94.0663,316.259
-74.0890267,4.6359893,2578776,absPos,-60.03314498902129,89.4569,94.0663,316.888
-74.0890267,4.6359893,2578776,absPos,-60.28468882606234,89.4569,94.0663,316.888
-74.0890267,4.6359893,2578776,absPos,-59.78264886521061,89.4569,94.0663,316.888
-74.0890267,4.6359893,2578776,absPos,-60.196211296221776,89.731,94.2958,316.888
-74.0890267,4.6359893,2578776,absPos,-60.123295402500716,89.731,94.2958,316.888
-74.0890267,4.6359893,2578776,absPos,-59.89107501120713,89.731,94.2958,316.888
-2.2064,1.9613999999999998,0.4432,relPos,-59.73909517926138,89.731,94.2958,316.685
-2.2064,1.9613999999999998,0.4432,relPos,-60.06104756630591,89.731,94.2958,316.685
-2.2064,1.9613999999999998,0.4432,relPos,-60.06031656936451,89.731,94.2958,316.685
-2.2064,1.9613999999999998,0.4432,relPos,-60.09256934623663,89.731,94.2958,316.685
-2.2064,1.9613999999999998,0.4432,relPos,-60.225101827907636,89.731,94.2958,316.685
-2.2064,1.9613999999999998,0.4432,relPos,-60.15638926594672,89.462,93.7605,316.371
-2.2064,1.9613999999999998,0.4432,relPos,-60.124230137699406,89.462,93.7605,316.371
-2.2064,1.9613999999999998,0.4432,relPos,-60.00950642585781,89.462,93.7605,316.371
-2.2064,1.9613999999999998,0.4432,relPos,-60.18421187673879,89.462,93.7605,316.371
-2.2064,1.9613999999999998,0.4432,relPos,-60.03080728263097,89.462,93.7605,316.371
-74.0890267,4.6359893,2578777,absPos,-60.13521882242031,89.462,93.7605,316.371
-74.0890267,4.6359893,2578777,absPos,-59.96011485257483,89.462,93.7605,316.463
-74.0890267,4.6359893,2578777,absPos,-59.98835846712368,89.462,93.7605,316.463
-74.0890267,4.6359893,2578777,absPos,-60.22437388667682,89.4645,93.743,316.463
-74.0890267,4.6359893,2578777,absPos,-59.98956966655171,89.4645,93.743,316.463
-74.0890267,4.6359893,2578777,absPos,-60.009160067348105,89.4645,93.743,316.463
-74.0890267,4.6359893,2578777,absPos,-59.98027993292035,89.4645,93.743,316.888
-2.2100999999999997,1.9678,0.44270000000000004,relPos,-60.237298350450104,89.4645,93.743,316.888
-2.2100999999999997,1.9678,0.44270000000000004,relPos,-60.17343781468761,89.4645,93.743,316.888
-2.2100999999999997,1.9678,0.44270000000000004,relPos,-60.032975836118105,89.4645,93.743,316.888
-2.2100999999999997,1.9678,0.44270000000000004,relPos,-60.261804795959705,89.4645,93.743,316.888
-2.2100999999999997,1.9678,0.44270000000000004,relPos,-60.10820400224038,89.1892,93.509,316.469
-2.2100999999999997,1.9678,0.44270000000000004,relPos,-60.14823788599712,89.1892,93.509,316.469
-2.2100999999999997,1.9678,0.44270000000000004,relPos,-60.15396414593128,89.1892,93.509,316.469
-2.2100999999999997,1.9678,0.44270000000000004,relPos,-60.132978260123686,89.1892,93.509,316.469
-2.2100999999999997,1.9678,0.44270000000000004,relPos,-60.02535059085616,89.1892,93.509,316.469
-74.0890267,4.6359893,2578776,absPos,-60.101718838169695,89.1892,93.509,316.8
-74.0890267,4.6359893,2578776,absPos,-60.072007858808114,89.1892,93.509,316.8
-74.0890267,4.6359893,2578776,absPos,-59.8323882840727,89.1892,93.509,316.8
-74.0890267,4.6359893,2578776,absPos,-60.14630751070595,89.1892,93.2397,316.8
-74.0890267,4.6359893,2578776,absPos,-60.07455934612991,89.1892,93.2397,316.8
-74.0890267,4.6359893,2578776,absPos,-60.338224953458976,89.1892,93.2397,316.8
-74.0890267,4.6359893,2578776,absPos,-60.09769711247425,89.1892,93.2397,316.672
-74.0890267,4.6359893,2578776,absPos,-60.183161141457724,89.1892,93.2397,316.672
-2.2058,1.9633,0.44409999999999994,relPos,-60.18466489160148,89.1892,93.2397,316.672
-2.2058,1.9633,0.44409999999999994,relPos,-60.245472490343445,89.1892,93.2397,316.672
-2.2058,1.9633,0.44409999999999994,relPos,-60.167706685380715,89.1892,93.2397,316.672
-2.2058,1.9633,0.44409999999999994,relPos,-60.02806301632587,89.4645,93.743,316.672
-2.2058,1.9633,0.44409999999999994,relPos,-60.1748459981812,89.4645,93.743,317.215
-2.2058,1.9633,0.44409999999999994,relPos,-60.05158354321524,89.4645,93.743,317.215
-2.2058,1.9633,0.44409999999999994,relPos,-60.102952593731345,89.4645,93.743,317.215
-2.2058,1.9633,0.44409999999999994,relPos,-59.92451614586532,89.4645,93.743,317.215
-2.2058,1.9633,0.44409999999999994,relPos,-59.94877909744973,89.4645,93.743,317.215
-2.2058,1.9633,0.44409999999999994,relPos,-60.45277287976881,89.4645,93.743,316.787
-74.0890268,4.6359894,2578769,absPos,-60.17701602130274,89.4645,93.743,316.787
-74.0890268,4.6359894,2578769,absPos,-60.24420835403753,89.4645,93.743,316.787
-74.0890268,4.6359894,2578769,absPos,-60.071887696553944,89.4594,93.7782,316.787
-74.0890268,4.6359894,2578769,absPos,-60.00834839781331,89.4594,93.7782,316.787
-74.0890268,4.6359894,2578769,absPos,-59.91544155306035,89.4594,93.7782,316.787
-74.0890268,4.6359894,2578769,absPos,-59.93765749080055,89.4594,93.7782,316.888
-2.2029,1.9515,0.45039999999999997,relPos,-60.0063005728057,89.4594,93.7782,316.888
-2.2029,1.9515,0.45039999999999997,relPos,-59.988831210240775,89.4594,93.7782,316.888
-2.2029,1.9515,0.45039999999999997,relPos,-60.22261693128161,89.4594,93.7782,316.888
-2.2029,1.9515,0.45039999999999997,relPos,-59.9462035026241,89.462,93.4926,316.888
-2.2029,1.9515,0.45039999999999997,relPos,-60.20374983643749,89.462,93.4926,317.083
-2.2029,1.9515,0.45039999999999997,relPos,-59.87778562695388,89.462,93.4926,317.083
-2.2029,1.9515,0.45039999999999997,relPos,-60.10522829918982,89.462,93.4926,317.083
-2.2029,1.9515,0.45039999999999997,relPos,-59.99674775784961,89.462,93.4926,317.083
-2.2029,1.9515,0.45039999999999997,relPos,-60.10611867738044,89.462,93.4926,317.083
-74.0890269,4.6359893,2578766,absPos,-60.29735015897685,89.462,93.4926,316.356
-74.0890269,4.6359893,2578766,absPos,-60.10944972848726,89.462,93.4926,316.356
-74.0890269,4.6359893,2578766,absPos,-60.23187818262103,89.462,93.4926,316.356
-74.0890269,4.6359893,2578766,absPos,-59.97505322456825,89.1892,93.509,316.356
-74.0890269,4.6359893,2578766,absPos,-60.08329847858738,89.1892,93.509,316.356
-74.0890269,4.6359893,2578766,absPos,-60.10376159683791,89.1892,93.509,316.356
-74.0890269,4.6359893,2578766,absPos,-59.801221446904094,89.1892,93.509,316.371
-74.0890269,4.6359893,2578766,absPos,-60.01669743682386,89.1892,93.509,316.371
-74.0890269,4.6359893,2578766,absPos,-59.999028015938464,89.1892,93.509,316.371
-74.0890269,4.6359893,2578766,absPos,-60.275914457406266,89.1892,93.509,316.371
-2.2049000000000003,1.9478,0.4537,relPos,-60.09255925879757,89.1892,93.509,316.371
-2.2049000000000003,1.9478,0.4537,relPos,-60.01946428555974,89.1892,93.7782,316.371
-2.2049000000000003,1.9478,0.4537,relPos,-60.0394587292558,89.1892,93.7782,316.371
-2.2049000000000003,1.9478,0.4537,relPos,-59.99890954751266,89.1892,93.7782,316.371
-2.2049000000000003,1.9478,0.4537,relPos,-60.12528735481102,89.1892,93.7782,316.371
-2.2049000000000003,1.9478,0.4537,relPos,-59.87453160780079,89.1892,93.7782,316.371
-2.2049000000000003,1.9478,0.4537,relPos,-60.10109214244557,89.1892,93.7782,316.371
-2.2049000000000003,1.9478,0.4537,relPos,-60.08902001433279,89.1892,93.7782,316.793
-2.2049000000000003,1.9478,0.4537,relPos,-60.200832068062724,89.1892,93.7782,316.793
-2.2049000000000003,1.9478,0.4537,relPos,-59.94549127639076,89.4594,93.7782,316.793
-74.0890268,4.6359893,2578763,absPos,-60.23051321449753,89.4594,93.7782,316.793
-74.0890268,4.6359893,2578763,absPos,-60.04170139739398,89.4594,93.7782,316.793
-74.0890268,4.6359893,2578763,absPos,-60.041631608039125,89.4594,93.7782,316.787
-74.0890268,4.6359893,2578763,absPos,-59.83466938845494,89.4594,93.7782,316.787
-74.0890268,4.6359893,2578763,absPos,-60.13889852513074,89.4594,93.7782,316.787
-2.2048,1.9506000000000001,0.45630000000000004,relPos,-60.1848407011414,89.4594,93.7782,316.787
-2.2048,1.9506000000000001,0.45630000000000004,relPos,-59.999709272107665,89.4594,93.7782,316.787
-2.2048,1.9506000000000001,0.45630000000000004,relPos,-60.04952553471781,89.1968,93.743,316.463
-2.2048,1.9506000000000001,0.45630000000000004,relPos,-60.117944551832096,89.1968,93.743,316.463
-2.2048,1.9506000000000001,0.45630000000000004,relPos,-60.10757605373857,89.1968,93.743,316.463
-2.2048,1.9506000000000001,0.45630000000000004,relPos,-60.08389240966318,89.1968,93.743,316.463
-2.2048,1.9506000000000001,0.45630000000000004,relPos,-60.156819551970756,89.1968,93.743,316.463
-2.2048,1.9506000000000001,0.45630000000000004,relPos,-59.95511757412405,89.1968,93.743,316.463
-2.2048,1.9506000000000001,0.45630000000000004,relPos,-59.93276375523439,89.1968,93.743,316.8
-74.0890268,4.6359894,2578762,absPos,-60.008120539200156,89.1968,93.743,316.8
-74.0890268,4.6359894,2578762,absPos,-60.11016846971761,89.4645,93.4763,316.8
-74.0890268,4.6359894,2578762,absPos,-60.05914522809825,89.4645,93.4763,316.8
-74.0890268,4.6359894,2578762,absPos,-59.85235893685343,89.4645,93.4763,316.8
-74.0890268,4.6359894,2578762,absPos,-59.97990610271012,89.4645,93.4763,316.989
-74.0890268,4.6359894,2578762,absPos,-60.17605957361663,89.4645,93.4763,316.989
-74.0890268,4.6359894,2578762,absPos,-59.967861861726284,89.4645,93.4763,316.989
-74.0890268,4.6359894,2578762,absPos,-60.03881106289726,89.4645,93.4763,316.989
-74.0890268,4.6359894,2578762,absPos,-60.00471861304306,89.4645,93.4763,316.989
-2.2028,1.9516999999999998,0.4575,relPos,-60.15100805427131,89.462,93.4926,316.989
-2.2028,1.9516999999999998,0.4575,relPos,-59.86160860572156,89.462,93.4926,316.582
-2.2028,1.9516999999999998,0.4575,relPos,-59.967479604086826,89.462,93.4926,316.582
-2.2028,1.9516999999999998,0.4575,relPos,-60.07924316956091,89.462,93.4926,316.582
-2.2028,1.9516999999999998,0.4575,relPos,-60.22678695998085,89.462,93.4926,316.582
-2.2028,1.9516999999999998,0.4575,relPos,-60.360228679249275,89.462,93.4926,316.361
-2.2028,1.9516999999999998,0.4575,relPos,-60.02541980867313,89.462,93.4926,316.361
-2.2028,1.9516999999999998,0.4575,relPos,-60.171804071801596,89.462,93.4926,316.361
-74.0890268,4.6359894,2578764,absPos,-59.91710787651446,89.4645,94.0095,316.361
-74.0890268,4.6359894,2578764,absPos,-59.8682045005541,89.4645,94.0095,316.361
-74.0890268,4.6359894,2578764,absPos,-59.947393244923184,89.4645,94.0095,316.361
-74.0890268,4.6359894,2578764,absPos,-60.12898853013617,89.4645,94.0095,316.678
-74.0890268,4.6359894,2578764,absPos,-60.08326796631366,89.4645,94.0095,316.678
-74.0890268,4.6359894,2578764,absPos,-59.90960523268501,89.4645,94.0095,316.678
-74.0890268,4.6359894,2578764,absPos,-60.005855897377074,89.4645,94.0095,316.678
-74.0890268,4.6359894,2578764,absPos,-60.082563412610526,89.4645,94.0095,316.678
-74.0890268,4.6359894,2578764,absPos,-60.03108575183689,89.1892,93.7782,316.672
-2.2022999999999997,1.9547999999999999,0.456,relPos,-60.119111880504164,89.1892,93.7782,316.672
-2.2022999999999997,1.9547999999999999,0.456,relPos,-60.119822388952706,89.1892,93.7782,316.672
-2.2022999999999997,1.9547999999999999,0.456,relPos,-60.17386947204532,89.1892,93.7782,316.672
-2.2022999999999997,1.9547999999999999,0.456,relPos,-59.98262993302905,89.1892,93.7782,316.672
-2.2022999999999997,1.9547999999999999,0.456,relPos,-60.055482758360974,89.1892,93.7782,316.691
-2.2022999999999997,1.9547999999999999,0.456,relPos,-60.117102468761814,89.1892,93.7782,316.691
-2.2022999999999997,1.9547999999999999,0.456,relPos,-59.98831876643074,89.1854,93.796,316.691
-2.2022999999999997,1.9547999999999999,0.456,relPos,-60.088465378223866,89.7284,94.3364,316.691
-2.2022999999999997,1.9547999999999999,0.456,relPos,-60.11182003130845,89.7284,94.3364,316.691
-2.2022999999999997,1.9547999999999999,0.456,relPos,-59.99613602701514,89.7284,94.3364,316.691
-74.089027,4.6359894,2578758,absPos,-60.16255682532149,89.7284,94.3364,316.691
-74.089027,4.6359894,2578758,absPos,-60.1396632651995,89.7284,94.3364,316.691
-74.089027,4.6359894,2578758,absPos,-59.9253122964976,89.7284,94.3364,316.691
-74.089027,4.6359894,2578758,absPos,-60.07627750153766,89.7284,94.3364,316.691
-74.089027,4.6359894,2578758,absPos,-60.17020143041489,89.462,93.7605,316.691
-74.089027,4.6359894,2578758,absPos,-59.971872694119,89.462,93.7605,316.356
-2.1994,1.9334,0.46159999999999995,relPos,-59.81555601242913,89.462,93.7605,316.356
-2.1994,1.9334,0.46159999999999995,relPos,-59.87907231180304,89.462,93.7605,316.356
-2.1994,1.9334,0.46159999999999995,relPos,-59.94575457620344,89.462,93.7605,316.356
-2.1994,1.9334,0.46159999999999995,relPos,-60.03821299143179,89.462,93.7605,316.356
-2.1994,1.9334,0.46159999999999995,relPos,-59.951815187075354,89.462,93.7605,316.161
-2.1994,1.9334,0.46159999999999995,relPos,-60.24484559990203,89.462,93.7605,316.161
-2.1994,1.9334,0.46159999999999995,relPos,-60.15745466165721,89.462,93.7605,316.161
-2.1994,1.9334,0.46159999999999995,relPos,-60.02073411204592,89.2043,93.7084,316.161
-2.1994,1.9334,0.46159999999999995,relPos,-59.96196450557913,89.2043,93.7084,316.161
-74.0890271,4.6359894,2578753,absPos,-60.14489770103529,89.2043,93.7084,316.161
-74.0890271,4.6359894,2578753,absPos,-60.22019513564804,89.2043,93.7084,316.577
-74.0890271,4.6359894,2578753,absPos,-59.86330194227886,89.2043,93.7084,316.577
-74.0890271,4.6359894,2578753,absPos,-59.93552596917236,89.2043,93.7084,316.577
-74.0890271,4.6359894,2578753,absPos,-60.17856941203605,89.2043,93.7084,316.577
-74.0890271,4.6359894,2578753,absPos,-60.09795970398521,89.2043,93.7084,316.577
-74.0890271,4.6359894,2578753,absPos,-60.16097840750827,89.7271,93.8141,316.376
-2.1977,1.9264,0.46659999999999996,relPos,-60.15901131309733,89.7271,93.8141,316.376
-2.1977,1.9264,0.46659999999999996,relPos,-59.96358023233563,89.7271,93.8141,316.376
-2.1977,1.9264,0.46659999999999996,relPos,-60.02828198444205,89.7271,93.8141,316.376
-2.1977,1.9264,0.46659999999999996,relPos,-60.070231176783146,89.7271,93.8141,316.376
-2.1977,1.9264,0.46659999999999996,relPos,-59.920645446268,89.7271,93.8141,316.874
-2.1977,1.9264,0.46659999999999996,relPos,-60.021428705480304,89.7271,93.8141,316.874
-2.1977,1.9264,0.46659999999999996,relPos,-59.98968818832409,89.7271,93.8141,316.874
-2.1977,1.9264,0.46659999999999996,relPos,-59.989993281323805,89.731,94.0283,316.874
-2.1977,1.9264,0.46659999999999996,relPos,-60.103276176890084,89.731,94.0283,316.874
-74.089027,4.6359894,2578748,absPos,-60.18553112833291,89.731,94.0283,316.874
-74.089027,4.6359894,2578748,absPos,-60.09775770910602,89.731,94.0283,316.491
-74.089027,4.6359894,2578748,absPos,-59.98113491785696,89.731,94.0283,316.491
-74.089027,4.6359894,2578748,absPos,-60.049535522695095,89.731,94.0283,316.491
-74.089027,4.6359894,2578748,absPos,-60.160998902764604,89.731,94.0283,316.491
-74.089027,4.6359894,2578748,absPos,-60.127584966031904,89.731,94.0283,316.491
-74.089027,4.6359894,2578748,absPos,-59.994764879006794,90.0,92.9702,316.474
-74.089027,4.6359894,2578748,absPos,-60.13554481870737,90.0,92.9702,316.474
-74.089027,4.6359894,2578748,absPos,-59.885357878870565,90.0,92.9702,316.474
-74.089027,4.6359894,2578748,absPos,-60.084738146615905,90.0,92.9702,316.474
-74.089027,4.6359894,2578748,absPos,-60.084738146615905,90.0,92.9702,316.474
-2.199,1.929,0.4714,relPos,-60.23339922465992,90.0,92.9702,316.474
-2.199,1.929,0.4714,relPos,-59.81872764941632,90.0,92.9702,316.787
-2.199,1.929,0.4714,relPos,-60.10814325967821,90.0,92.9702,316.787
-2.199,1.929,0.4714,relPos,-60.0458412264325,89.4569,93.796,316.787
-2.199,1.929,0.4714,relPos,-60.26951069384018,89.4569,93.796,316.787
-2.199,1.929,0.4714,relPos,-60.24766731976892,89.4569,93.796,316.474
-2.199,1.929,0.4714,relPos,-60.095183097588,89.4569,93.796,316.474
-2.199,1.929,0.4714,relPos,-60.03558413505999,89.4569,93.796,316.474
-74.089027,4.6359894,2578748,absPos,-60.021011936088954,89.4569,93.796,316.474
-74.089027,4.6359894,2578748,absPos,-60.12332587982333,89.4569,93.796,316.474
-74.089027,4.6359894,2578748,absPos,-59.93923468116136,89.4594,93.2397,316.691
-74.089027,4.6359894,2578748,absPos,-60.121761653505395,89.4594,93.2397,316.588
-74.089027,4.6359894,2578748,absPos,-59.98916579327031,89.4594,93.2397,316.588
-74.089027,4.6359894,2578748,absPos,-60.03834281046189,89.4594,93.2397,316.588
-2.1972,1.9311,0.47130000000000005,relPos,-59.95802148699242,89.4594,93.2397,316.588
-2.1972,1.9311,0.47130000000000005,relPos,-60.19992206077319,89.4594,93.2397,316.588
-2.1972,1.9311,0.47130000000000005,relPos,-59.995632893653564,89.4594,93.2397,316.989
-2.1972,1.9311,0.47130000000000005,relPos,-59.956457012816955,89.4594,93.2397,316.989
-2.1972,1.9311,0.47130000000000005,relPos,-60.122442124291034,88.9241,94.0283,316.989
-2.1972,1.9311,0.47130000000000005,relPos,-60.21829449478935,88.9241,94.0283,316.989
-2.1972,1.9311,0.47130000000000005,relPos,-60.21311609539973,88.9241,94.0283,316.989
-2.1972,1.9311,0.47130000000000005,relPos,-60.132011101817696,88.9241,94.0283,316.678
-2.1972,1.9311,0.47130000000000005,relPos,-59.92790436066162,88.9241,94.0283,316.678
-74.089027,4.6359894,2578750,absPos,-59.873946442951016,88.9241,94.0283,316.678
-74.089027,4.6359894,2578750,absPos,-59.80502487768846,88.9241,94.0283,316.678
-74.089027,4.6359894,2578750,absPos,-60.23697472891215,88.9241,94.0283,316.678
-74.089027,4.6359894,2578750,absPos,-59.86563764147825,89.1892,93.509,316.582
-74.089027,4.6359894,2578750,absPos,-59.86243127435327,89.1892,93.509,316.582
-74.089027,4.6359894,2578750,absPos,-59.85697145537802,89.1892,93.509,316.582
-74.089027,4.6359894,2578750,absPos,-60.10545087662467,89.1892,93.509,316.582
-74.089027,4.6359894,2578750,absPos,-60.011317835991804,89.1892,93.509,316.582
-2.1957,1.9325,0.46950000000000003,relPos,-59.99909681549197,89.1892,93.509,316.582
-2.1957,1.9325,0.46950000000000003,relPos,-60.18024687488079,89.1892,93.509,316.666
-2.1957,1.9325,0.46950000000000003,relPos,-60.27313709600545,89.1892,93.509,316.666
-2.1957,1.9325,0.46950000000000003,relPos,-60.08537224271967,89.1931,94.0283,316.666
-2.1957,1.9325,0.46950000000000003,relPos,-60.293417898276815,89.1931,94.0283,316.666
-2.1957,1.9325,0.46950000000000003,relPos,-60.15538681689257,89.1931,94.0283,316.666
-2.1957,1.9325,0.46950000000000003,relPos,-60.003561860775434,89.1931,94.0283,316.902
-2.1957,1.9325,0.46950000000000003,relPos,-60.12316333657416,89.1931,94.0283,316.902
-2.1957,1.9325,0.46950000000000003,relPos,-59.99616562491052,89.1931,94.0283,316.902
-74.0890271,4.6359894,2578740,absPos,-60.24109626854128,89.1931,94.0283,316.902
-74.0890271,4.6359894,2578740,absPos,-60.15338069461282,89.1931,94.0283,316.902
-74.0890271,4.6359894,2578740,absPos,-60.07779526843643,89.1931,93.7605,316.485
-74.0890271,4.6359894,2578740,absPos,-60.32939479446544,89.1931,93.7605,316.485
-74.0890271,4.6359894,2578740,absPos,-60.196407591131944,89.1931,93.7605,316.485
-74.0890271,4.6359894,2578740,absPos,-60.201555750443404,89.1931,93.7605,316.485
-74.0890271,4.6359894,2578740,absPos,-60.02231199186106,89.1931,93.7605,316.485
-74.0890271,4.6359894,2578740,absPos,-60.10346831579846,89.1931,93.7605,316.485
-74.0890271,4.6359894,2578740,absPos,-60.006745911898356,89.1931,93.7605,316.259
-74.0890271,4.6359894,2578740,absPos,-60.10260881303996,89.1931,93.7605,316.259
-2.1996,1.9194,0.4794,relPos,-60.140591330670084,89.1892,93.7782,316.259
-2.1996,1.9194,0.4794,relPos,-59.809237988745075,89.1892,93.7782,316.259
-2.1996,1.9194,0.4794,relPos,-60.044524132676415,89.1892,93.7782,316.259
-2.1996,1.9194,0.4794,relPos,-60.08946320721145,89.1892,93.7782,316.672
-2.1996,1.9194,0.4794,relPos,-60.04148206319789,89.1892,93.7782,316.672
-2.1996,1.9194,0.4794,relPos,-59.993561781973845,89.1892,93.7782,316.672
-2.1996,1.9194,0.4794,relPos,-60.10086978827958,89.1892,93.7782,316.672
-2.1996,1.9194,0.4794,relPos,-60.03666915851391,89.1892,93.7782,316.672
-2.1996,1.9194,0.4794,relPos,-60.15620532768013,89.4645,94.0095,316.577
-74.0890271,4.6359894,2578737,absPos,-59.96918532111549,89.4645,94.0095,316.577
-74.0890271,4.6359894,2578737,absPos,-60.03958827411874,89.4645,94.0095,316.577
-74.0890271,4.6359894,2578737,absPos,-60.266044136340476,89.4645,94.0095,316.577
-74.0890271,4.6359894,2578737,absPos,-60.223219829950054,89.4645,94.0095,316.577
-74.0890271,4.6359894,2578737,absPos,-60.12838840011697,89.4645,94.0095,316.577
-2.1995,1.9193,0.48229999999999995,relPos,-60.19653157143614,89.4645,94.0095,316.165
-2.1995,1.9193,0.48229999999999995,relPos,-60.21158107993101,89.4645,94.0095,316.165
-2.1995,1.9193,0.48229999999999995,relPos,-60.09177251073159,89.462,93.4926,316.165
-2.1995,1.9193,0.48229999999999995,relPos,-60.12066499962315,89.462,93.4926,316.165
-2.1995,1.9193,0.48229999999999995,relPos,-59.8591893325694,89.462,93.4926,316.165
-2.1995,1.9193,0.48229999999999995,relPos,-60.07864987392081,89.462,93.4926,316.352
-2.1995,1.9193,0.48229999999999995,relPos,-60.129405618484235,89.462,93.4926,316.352
-2.1995,1.9193,0.48229999999999995,relPos,-60.116696386903854,89.462,93.4926,316.352
-2.1995,1.9193,0.48229999999999995,relPos,-60.07909232400248,89.462,93.4926,316.352
-2.1995,1.9193,0.48229999999999995,relPos,-60.38439413765683,89.462,93.4926,316.352
-74.0890271,4.6359894,2578736,absPos,-60.04997501643829,89.1931,93.7605,316.48
-74.0890271,4.6359894,2578736,absPos,-60.02220281190411,89.1931,93.7605,316.48
-74.0890271,4.6359894,2578736,absPos,-59.933843143807294,89.1931,93.7605,316.48
-74.0890271,4.6359894,2578736,absPos,-59.99421259636462,89.1931,93.7605,316.48
-74.0890271,4.6359894,2578736,absPos,-60.21771304409022,89.1931,93.7605,316.48
-74.0890271,4.6359894,2578736,absPos,-60.18064832709756,89.1931,93.7605,316.48
-74.0890271,4.6359894,2578736,absPos,-60.09113747952959,89.1931,93.7605,316.366
-74.0890271,4.6359894,2578736,absPos,-59.9279240884906,89.1931,93.7605,316.366
-74.0890271,4.6359894,2578736,absPos,-60.28762096652226,89.1968,93.4763,316.366
-74.0890271,4.6359894,2578736,absPos,-60.166279973585205,89.1968,93.4763,316.366
-2.2005,1.9202000000000001,0.48350000000000004,relPos,-60.174804876862964,89.1968,93.4763,316.366
-2.2005,1.9202000000000001,0.48350000000000004,relPos,-60.12347826964468,89.1968,93.4763,316.469
-2.2005,1.9202000000000001,0.48350000000000004,relPos,-60.079011875180264,89.1968,93.4763,316.469
-2.2005,1.9202000000000001,0.48350000000000004,relPos,-60.07990695226903,89.1968,93.4763,316.469
-2.2005,1.9202000000000001,0.48350000000000004,relPos,-60.23872707087971,89.1968,93.4763,316.469
-2.2005,1.9202000000000001,0.48350000000000004,relPos,-60.06619869861619,89.1968,93.4763,316.469
-2.2005,1.9202000000000001,0.48350000000000004,relPos,-60.18681953225397,88.919,93.7782,316.469
-2.2005,1.9202000000000001,0.48350000000000004,relPos,-60.11494189039874,88.919,93.7782,316.888
-2.2005,1.9202000000000001,0.48350000000000004,relPos,-60.26403937798358,88.919,93.7782,316.888
-2.2005,1.9202000000000001,0.48350000000000004,relPos,-60.113846957033104,88.919,93.7782,316.888
-74.0890271,4.6359894,2578734,absPos,-60.1233360389784,88.919,93.7782,316.888
-74.0890271,4.6359894,2578734,absPos,-60.14523495427872,88.919,93.7782,316.888
-74.0890271,4.6359894,2578734,absPos,-60.177643483120434,88.919,93.7782,316.672
-74.0890271,4.6359894,2578734,absPos,-60.07894148368326,88.919,93.7782,316.672
-2.2019,1.9249,0.4861,relPos,-60.00668626286188,89.4594,94.0472,316.672
-2.2019,1.9249,0.4861,relPos,-60.16309024754616,89.4594,94.0472,316.672
-2.2019,1.9249,0.4861,relPos,-60.07869040901994,89.4594,94.0472,316.672
-2.2019,1.9249,0.4861,relPos,-60.04213043962969,89.4594,94.0472,316.78
-2.2019,1.9249,0.4861,relPos,-59.74155079672503,89.4594,94.0472,316.78
-2.2019,1.9249,0.4861,relPos,-59.854994061838184,89.4594,94.0472,316.78
